at,review
2024-11-16 12:07:06,"ko ga bisa masuk ke privyid ya,udah di pencet berkali-kali masih tetap tidak bisa masuk ya ke halaman utamanya ya."
2024-11-15 11:01:24,"Bikin susah driver, data gk sesuai terus. Aplikasi masih banyak bug nya gini mau di pake buat ttd digital"
2024-11-14 06:48:39,"Kami adalah PrivyID, penyedia tanda tangan digital bersertifikat yang dipercaya oleh Samir untuk menerbitkan tanda tangan digital Anda. PrivyID akan memudahkan Anda dalam proses penandatanganan perjanjian/dokumen apapun yang nantinya perlu Anda setujui dengan Samir. Bersama dengan email ini, kami ingin menginformasikan bahwa saat ini kami belum dapat menerbitkan PrivyID Anda karena Dokumen Identitas diragukan keabsahannya.  Orang mau minjem di persulit,,GK jelas!!!!!!!!!!!!!!"
2024-11-13 12:28:02,"Berat banget nih aplikasi, optimasi lah seengaknya, developernya gimana sih, QA nya juga gimana si... Mau tanda tangan aja lamanya bukan main buat loadnya..."
2024-11-12 21:28:54,Aplikasi tolol kode otp ga dikirim-kirim
2024-11-11 09:47:35,Aplikasi sangat membantu dan mudah untuk pengoprasiannya.
2024-11-11 01:26:51,tolong di perbaiki lagi apk nya sulit banget mau bikin akun aja lama muter muter mulu mau verifikasi wajah kaga bisa gimna ini tolong ya di perbaiki lagi kalo bikin apk
2024-11-08 08:57:07,Apk berguna dan simple
2024-11-03 10:26:14,Materi sangat berguna
2024-11-01 10:45:15,"Aplikasi busuk, kendalan terus tp penilaiannya bagus. Jadi tanda tanya bgt pasti buzzer! Benerin tuh aplikasi jangan malah bikin film Marshall!"
2024-11-01 07:35:11,Baru beli e-materai tp tidak bs di pakai
2024-11-01 03:38:37,"Sudah bisa tandatangan digital dengan mudah dan simpel cara penggunaanya., terima kasih."
2024-11-01 01:38:38,Pelayanan yang buruk
2024-10-30 07:06:06,Sulit sangat sulit verifikasi. Data udah sesuai dengan capil. Tapi dibilang aplikasi data tidak sesuai. Aneh.
2024-10-30 06:42:12,"yang lagi cari aplikasi yang bisa bantu buat ttd digital, ya privy ini solusinya. Gampang kok langkah-langkahnya"
2024-10-30 04:34:42,Mantapp bangett applikasi ini sangat memudahkan untuk aku yang sering ada job yang pakai ttd online ğŸ’—ğŸ’—ğŸ’—
2024-10-30 03:32:13,"Rekomen deh buat kalian yang ngk mau ribet end ingin satset pake apk ini aj tanda tangan oke, e materai juga oke pokoknya terbaek dah"
2024-10-30 03:22:48,"So far aku sih puas banget pake app privy ini, kau tandatangan digital jadi satset ga pake lama ğŸ«¶"
2024-10-29 05:59:35,Bintang 2 dulu... disuruh verifikasi wajah lama banget..ga bisa2 .. gagal2 terus.. padahal sudah memenuhi syarat
2024-10-29 05:01:58,"Aplikasi nya membantu bangett, yang biasanya bikin di website sekarang jadi lebih gampang pake aplikasi inii. Aplikasi nya gampang dipahamin ga ribet sama sekali"
2024-10-29 04:09:15,Terbaik sih pake aplikasi ini jadi mudah buat ttd elektronik ğŸ¥°ğŸ˜ğŸ‘ğŸ»
2024-10-29 03:01:16,Kont.. mau ttd dok hrus aktifin prvy personal dan mai aktifin gabisa.. respon cs jga buruk. Kon
2024-10-28 07:15:49,"bintang 5 â­ï¸â­ï¸â­ï¸â­ï¸â­ï¸ aplikasi bintang 5 â­ï¸â­ï¸â­ï¸â­ï¸â­ï¸ aplikasi privy nya, ngebantu banget buat yg mau ttd online sangat di permudah. aplikasinya juga kecil"
2024-10-28 02:46:23,Eh beneran keren nih mantap punya nih apalagi cepet banget ttd dokumen gak pake lemot
2024-10-25 22:55:16,"Aplikasi yang sangat bagus,memudahkan berbagai aktivitas"
2024-10-24 08:36:03,"Aplikasinya gampang banget digunain sih, untuk orang awampun pasti ngerti dan mudah banget lah gunainnya.. privy emang best ğŸ”¥"
2024-10-23 11:08:06,"bener bener sangat bermanfaat banget, worth to try karena memudahkan buat ttd"
2024-10-23 10:07:57,good app!! jadi mudah deh tiap ada urusan administrasi kantor mantapğŸ‘
2024-10-23 10:03:40,"keren banget dan gak ribet, 10/10!"
2024-10-23 09:32:40,"Jelas kasih bintang â­â­â­â­â­, aplikasi nya mudah banget di gunain, g ribet lagi. Pokoknya ttd digital jadi sesimpel ini pakai Privy"
2024-10-22 22:20:08,"Terimakasih, aplikasi sudah bisa download dokumen"
2024-10-22 21:26:32,kok apk nya susah banget dibukanya
2024-10-22 08:55:58,"akhirnyaaaa dapet apk bagus buat TTD elektronik, pokoknya recommended bgtt sihhh apknya iniii"
2024-10-22 08:43:18,good privy! aplikasinya sangat membantu buat keperluan administrasi beli e-materai dan buat ttd elektronikğŸ‘ğŸ‘
2024-10-22 08:26:15,Waoow . Sangat rekomen ttd digital jadi lebih mudah gak perlu ribet ğŸ¥°
2024-10-22 08:05:20,"Pake privy ttd elektronik semakin mudah, bener membantu banget, aplikasinya juga friendly banget, mudah dipahami, pokoknya oke punyağŸ˜"
2024-10-22 07:30:08,"Aplikasinya bagus, mempermudah utk ttd online"
2024-10-22 06:41:21,sangat mudah digunakan & membuat urusan administrasi saya sebagai anak kantoran jadi lebih cepat kelar! kalo ada opsi ngasih bintang 100 mah bakal saya kasih! Puas pol
2024-10-21 07:21:38,"okk mulai sekarang pake aplikasi ini karna gampang banget dehh buat digunainnya trus jugaa stepnya mudah dimengertiiğŸ˜ ini sih yang para pekerja butuhkan buat bikin ttd eletronik jadinya worth to try bangeet guys buat kaliann yang bingung kalo mau bikin ttd digital, aplikasi ini solusinyaağŸ‘"
2024-10-19 07:45:14,"Keperluan surat menyurat jadi gampang, ttd digitan sampai e-materai ada di sini. Mantep"
2024-10-19 05:57:01,Bagus banget aplikasinya ğŸ¤© pake Privy jadi ga bingung lagi masalah tanda tangan online bisa jadi lebih mudah
2024-10-19 05:50:34,"Buat kalian yg mau bikin ttd digital atau yang perlu e-materai buat daftar pegawai, boleh bgt dicoba aplikasinya. Pakenya gampang, ga perlu ribet ke website"
2024-10-19 04:30:34,buat yang bingung cari kerja/mau kuliah dan butuh tanda tangan online tanpa ribet mending download aplikasi ini aja recommended banget biar ga ribet
2024-10-18 08:47:53,jujurr eazy to use bangett apalagi buat pemula ini tu gampang banget digunainn
2024-10-18 08:14:44,"Untung ada privy kalau butuh tanda tangan digital atau e-materai itu tinggal kesini aja, bener bener dipermudah banget.. puas banget sama aplikasi iniğŸ‘"
2024-10-18 06:58:01,"Bikin ttd elektronik mudah banget pakai aplikasi ini, g ribet lagi. Buat beli materai juga gampang banget prosesnya step by step. Mempermudah banget deh"
2024-10-17 12:59:18,Apa an nih nga bisa veryfikasi mentok d situ Kamera nga muncul appsnya berat
2024-10-17 05:37:09,"Verifikasi Liveness nya susah... saya coba hampir setengah jam gak berhasil juga, sampai saya mengangguk anguk seperti burung pun belum berhasil juga"
2024-10-17 04:08:35,"Jadi makin simple nih, memudahkan kita buat ngasih ttd digital. Coba deh ğŸ‘ğŸ»"
2024-10-17 03:45:48,"Bikin ttd buat ditempel ke dokumen jadi cepet dan gampang banget, satset2"
2024-10-16 04:23:39,"tanda tangan elektrik jadi lebih mudah semenjak pake aplikasi ini, thankyouu"
2024-10-16 04:14:11,"so far puas banget pake app privy, kalo lagi butuh ttd dokumen cepet tinggal buka app iniğŸ˜†"
2024-10-16 03:35:31,"Mempermudah banget apknya, aku mau bikin ttd digital ga pake ribet langsung jadi âœ¨"
2024-10-15 07:55:24,"very bad in enterprise account features, and very lack in helpdesk support solution, but in personal, so far so good"
2024-10-15 05:10:35,"Ga bikin ribet , lebih simple pake apk ini sat set"
2024-10-15 04:43:49,"ini nihh yang aku rasain sebagai pekerja, biar lebih mudah lagi dalam penandatanganan elektronik yang sah"
2024-10-15 04:05:27,worth to try bangett buat kalian yang bingung kalau mau pakai ttd digital . pakai aplikasi ini solusinya . sat set banget deh pokoknya
2024-10-14 05:36:18,"worth it bangett buat kaliann yang bingung kalo mau bikin ttd digital, aplikasi ini solusinyaa gaessğŸ‘"
2024-10-14 04:42:20,"sangat membantu banget nih privy pas butuh tanda tangan digital di atas e-materai, jadi lebih mudah, thanks privy"
2024-10-14 04:38:14,"Recomended banget nih Privy kalo butuh e materai, mudah digunakan juga.ğŸ‘"
2024-10-14 04:28:27,"worth banget si, good gaada lag atau bug waktu pemakaian ğŸ‘"
2024-10-13 07:23:53,Ribet bngt mau akses aja harus instal apps
2024-10-13 06:25:27,buat yang lagi mau kerja lewat online dan perlu tanda tangan online cobain nih aplikasi Privy recommended banget buat bikin tanda tangan online
2024-10-13 06:13:19,TANGGAL DARI GRAB BENER TAPI DI VIDA SALAH.!!! MAU DI BENERIN GAK BISA BISA... BIKIN RIBET ORANG.!! RIBET BENER GAK NGERTI MANFAATNYA APA.!!!
2024-10-13 06:02:35,apk sekeren ini sayang banget baru tauu harusnya dari kemaren kemaren bisa make apk ttd digital
2024-10-13 05:46:49,"good app, very easy to use.. recommended!! Jadi mudah deh tiap kali ada keperluan. No ribet rubet"
2024-10-12 05:39:07,Aplikasi yg sangat rekomended untuk membuat ttd digital
2024-10-12 03:42:16,"Very good and helpfull apps, recomended!"
2024-10-11 09:45:58,Apk tanda tangan yg ok
2024-10-11 08:01:03,Mudah dan aman dan terpercaya
2024-10-11 07:03:16,"5/5 lah udah pasti, karena ga ribet tinggal login, klik kebutuhan, upload dokumen, beresss"
2024-10-11 05:54:20,keren abis sih
2024-10-10 08:11:40,Mantap banget sih aplikasi ini bener-bener mempermudah pembisnis banget buat bikin ttd digital
2024-10-10 05:45:59,semenjak ada apk ini tuh jadi lebih mudah buat ttd digital. kmrn aku buat sertif dan itu bingung banget harus scan dibbrp dosen akhirnya jadi ribett. intinya aplikasi ini ngebantu bngett ğŸ˜­
2024-10-10 05:18:09,"good app!! verry easy to use,, i like thisğŸ‘ğŸ»"
2024-10-10 03:28:28,"aplikasinya bagus, sangat mudah digunakani. bintang 5 dehhh"
2024-10-09 07:24:27,"apk ini gampang banget di gunakan nyaa, bisa buat tanda tangan"
2024-10-09 07:10:29,"Aplikasi bagus, sangat mudah digunakan. Aplikasi yg aku cari selama ini.. ğŸ‘ğŸ»"
2024-10-09 03:54:36,Adminnya lama lelet banget
2024-10-09 00:31:00,"Sudah upload dokumen dan sudah ditanda tangan, tapi pas mau download dokumen gak bisa malah loading aja muter-muter mulu. Di tungguin sampe hampir setengah jam masih tetep aja gak bisa download dokumennya.. Mohon dong diperbaiki lagi supaya mudah dan bisa mendownload dukumen yang sudah selesai ditanda tangan."
2024-10-08 08:21:10,"Pake Privy penggunaannya mudah bisa ttd dimanapun sat set langsung jadi, bisa sekalian beli e-materai juga disini keren"
2024-10-08 06:45:04,Aplikasi nya bagus bangettt sangat bermanfa'at dan bisa di andalkan
2024-10-08 06:33:39,"Aplikasi tanda tangan digital terbaik yang pernah saya coba! Prosesnya cepat, aman, dan mudah digunakan. Fitur kolaborasinya juga sangat membantu dalam bekerja sama dengan tim. Sangat merekomendasikan!!"
2024-10-07 22:52:35,"Saya tidak bisa menemukan akun saya, minta dibantu"
2024-10-07 04:43:07,"sangat membantu buat para pekerja yg sering make ttd digital, simple dan mudah digunakan, recomended pokoknya ğŸ‘ğŸ»ğŸ™ŒğŸ»"
2024-10-06 09:06:33,aplikasi Privy cocok banget buat pebisnis yang bisa bikin ttd digital dimanapun dan bisa juga buat tanda tangan dokumen. Mantap rekomendasi
2024-10-06 07:06:38,"Aplikasi ini bikin urusan admin jadi gampang banget, bisa beli e-meterai dan ttd elektronik langsung, cepet, aman, dan anti ribet!"
2024-10-06 06:48:46,Apikasi nya membantu aku banget buat tanda tangan dokumen online huhu trusted poll disini
2024-10-05 11:42:30,"inisih yang dibutuhkan para pekerja, apalagi yang kerjanya menggunakan tanda tangan elektronik. dengan langkah-langkah yang jelas dan mudah dipahami apalagi untuk pemula.. sukses selalu privyğŸ‘"
2024-10-05 07:35:55,"Aplikasinya membantu sekali, langkah-langkahnya mudah dimengerti, simple dan gak ribet. Good app"
2024-10-05 07:22:59,"worth to try dehhh, memudahkan aku banget senenggğŸ˜«â˜ğŸ»âœ¨"
2024-10-05 07:08:17,aplikasi membantu bangetttğŸ«¶
2024-10-04 07:43:26,"Sangat membantu aku, good app, u must try guys"
2024-10-04 06:54:12,ternyata gampang banget dan sangat-sangat membantu buat ttd digital. keep up the good work.
2024-10-04 04:40:35,"aplikasinya simpel dan mudah di pake, sangat membantu sekali ttd dokumen penting dalam waktu singkat, terimakasih ğŸ‘"
2024-10-04 03:35:50,mantap bgt kalo mau buat ttd digitall disini aja wothit
2024-10-04 03:26:44,"Aplikasi ini sangat mempermudah keperluan administrasi dan juga untuk ttd dokumen juga lebih cepat pakai aplikasi ini, mantap terbaik pokoknya"
2024-10-02 09:21:20,"Manntappp deh aplikasinyaaa,bermanafaat bgttt kalo mau bikin ttd digital"
2024-10-02 06:52:20,"Aplikasi yg sangat bagus untuk pekerja, mudah dan sangat praktis"
2024-10-02 06:18:24,yang dibutuhkan buat aku sih hahah keren banget aplikasinya!
2024-10-02 06:07:57,"butuh bgt apk ini buat bikin ttd eletronik, cara gunainnya gampang bgt"
2024-10-02 03:55:28,"Solusi praktis buat tanda tangan elektronik dan beli e-materai. Gampang dipakai, nggak ribet, dan cocok banget buat yang sering urus administrasi. Buat yang masih bingung soal tanda tangan digital, Privy jawabannya! Worth it banget! â­â­â­â­â­"
2024-10-02 03:29:49,"Aplikasi membantu banget buat yang mau bikin ttd digital, mau beli e materai juga bisa disini, mudah digunakan juga aplikasinya"
2024-10-01 09:23:39,capek kan tiap ada dokumen penting harus tanda tangan manual ?! aku download privy dan gak nyesel karena memudahkan kerjaan aku.. Remomended !!!
2024-10-01 09:04:02,mempermudah dalam proses meminta tanda tangan
2024-10-01 09:01:13,Aplikasinya sangat mudah digunakan dan membantu
2024-10-01 05:49:58,"gampang banget bisa bikin ttd digital pake aplikasi ini, gk perlu ribet2 lg kalau butuh tanda tangan digital, bintang 5 si privy"
2024-10-01 05:04:41,aplikasinya baguss bangett dan mudah digunakan.
2024-10-01 04:52:56,"karena sekarang sudah masuk era digital jadi aku download aplikasi ini, so far puas banget pake app privy, kalo lagi butuh ttd dokumen cepet tinggal buka app ini"
2024-10-01 04:35:30,"bikin ttd digital jadi lebih gampang buat dokumen yg perlu ttd digital, mempermudah urusan dan stepnya mudah dimengerti ğŸ‘ğŸ»"
2024-09-30 10:26:48,Aplikasi ini memang the best sih bisa beli e-materai bisa juga bisa bikin ttd digital dan pemakaian nya mudah banget
2024-09-30 08:39:58,Sangat gampang penggunaannya dan membantu sekali
2024-09-30 08:15:51,"gampang banget pake aplikasinya trus bener"" mempermudah bisnis, the best siii"
2024-09-30 07:25:20,Demi apaaa kerennn banget aplikasinya cuy cocok buat kita yg kerjanya dikit dikit kudu tanda tangan terus kirim berkas dan semua serba online ğŸ‘ğŸ»
2024-09-30 06:57:59,"Keren banget, aplikasi nya sangat berguna dan simple ga ribet. Rekomendasi bgt nih"
2024-09-30 06:20:30,memudahkan banget untuk daftar daftar kerjaan atau administrasi
2024-09-30 06:13:55,"Bisa beli materai disini, bisa buat tanda tangan dokumenn, udah tersertifikasi juga, trusted ğŸ‘ very easy to use dan pastinya recommended!! urusan administrasi jd lebih simpleğŸ‘"
2024-09-30 05:13:19,"Betul, tanda tangan elektronik memang sangat membantu dalam mempermudah pekerjaan, terutama dalam hal efisiensi dan keamanan. Dengan adanya layanan seperti Privy, proses yang dulunya manual bisa jadi lebih cepat dan praktis."
2024-09-28 23:43:40,"Verifikasi wajahnya tolong diperbaiki lgi, soalnya cahaya udah terang, udah pas tpi msih aja deteksi livenessnya gagall"
2024-09-28 10:38:00,Nah ini aplikasi yg aku cari-cari dimana bisa di gunakan untuk TTD online /digital
2024-09-28 09:37:04,Aplikasi gak guna
2024-09-28 06:07:50,"App nya bagus, simple, gaj susah buat ttd dokumen, cepet bangeet"
2024-09-28 03:46:14,"ni aplikasi sangat memudahkan di era digital sekarang, apalagi buat para pekerja yg butuh tanda tangan digital. mantap banget privy!!!"
2024-09-27 12:04:20,Sekarang kalau mau ttd kontrak kerja gaperlu ribet lagi soalnya udah ada aplikasi privy ini yang bisa buat ttd digital untuk kontrak kerja
2024-09-27 06:54:03,"aku kasih Bintang 5 buat aplikasi ini, soalnya mudah di gunakan ga ribet. suka banget ğŸ¤"
2024-09-27 06:40:41,"The rill sangat meringankan salah satu kesusahan dalam hidup, gaakan uninstall ini mah. Butuh terus soalnya. MantapğŸ‘ğŸ‘ğŸ‘"
2024-09-27 01:28:57,"Uninstal!! lihat di medsos, CS privy maki konsumen ""NJINGG""."
2024-09-26 08:34:19,Aplikasi ini sangat praktis untuk digunakan dan bagus untuk pembuatan TTD digital atau elektronik. Good
2024-09-26 06:41:10,"Alhamdulillah berkat aplikasi ini sekarang udah terbantuuuu banget bikin TTD elektronik, recommended bgt!!! makasih privy ğŸ«¶ğŸ»"
2024-09-26 05:51:03,"Aplikasi ini sangat membantu untuk keperluan administrasi, tanda tangan digital dan e-materai."
2024-09-25 11:49:04,"sejak tau aplikasi privy prefer pake aplikasi ini buat keperluan administrasi beli e-materai dan buat ttd elektronik, trusted dan ga banyak step juga. mantap pokoknyağŸ‘"
2024-09-25 05:53:01,account yg sangat mengecewakan. bahkan untuk menutupnya pun sangat sulit
2024-09-25 02:56:36,RIBET VERIF KTP SGALA
2024-09-24 06:57:55,simple ga bikin ribet. Sangat membantu apalagi pembelian e materai ğŸ‘ğŸ˜
2024-09-24 04:47:01,"Wahhh ini aplikasi keren banget sih, cocok untuk para pekerja yang ngelamar kerja online. Worth it banget untuk para pelamar kerja saat ini. Apalagi kan sekarang sudah masuk era digital jadi lebih gampang dan efisien"
2024-09-24 04:05:08,Ahirnya nemu aplikasi yang bangus banget dan sangat membantu dalam pekerjaan
2024-09-24 03:28:55,Easy to use ya ga pake ribet kalo lg butuh ttd elektronik yang sat set privy solusinya ğŸ™ŒğŸ™Œ
2024-09-23 07:58:50,"aku sebagai pelajar jurusan adminitrasi tau aplikasi ini ngebantu banget asli, transaksi apapun jadi lebih gampang dan mudahhğŸ¤©ğŸ¤©ğŸ¤©ğŸ¤©"
2024-09-23 05:25:35,"recommended banget aplikasi ini (privy), aplikasinya sangat bagus dan membantu banget yang mau beli e-materai dan juga mau buat tanda tangan digital, sangat membantu buat yang kerja kantoran.."
2024-09-23 05:08:22,aplikasi nya memudahkan banget sih ini ğŸ¤©
2024-09-23 05:02:45,waktu tanda tangan elektronik banyak yang eror aku udah ga bingung soalnya beli di privy langsung sat set pokoknya ğŸ‘
2024-09-23 04:02:52,"Gampang banget buat dipakai, buat bikin ttd elektronik jadi makin cepet, terima kasih Privy!"
2024-09-23 03:30:28,"Worth it banget buat kalian yang bingung mau bikin ttd digital, aplikasi ini solusinya cocok banget buat kerja kantoran yang butuh ttd digital, mudah digunakan simple aja ngga bikin ribet"
2024-09-21 09:24:40,"Recommend banget aplikasi ini bagus sekali, dan sangat mudah untuk di gunakan,untuk ttd elektronik dan e matrei , ini kerenn bangett dehhh"
2024-09-21 08:18:08,"Aplikasi nya sangat membantu , bagus deh pokonya . Ttd digital gak susah lagi...."
2024-09-21 07:39:07,ini yang selama ini ku cari buat ttd digital mudah ga ribet
2024-09-21 07:05:22,"Aplikasi nya bagus banget, mudah di gunakan.. sangat membantu pekerjaan"
2024-09-21 05:47:15,Bintang 5 buat privy gampang banget digunainnya mudah dimengerti highly recommended
2024-09-21 04:50:19,"dari aku 5/5 , karena gampang banget penggunanya, ga terlalu banyak step juga. udah coba buat tanda tangan digital juga"
2024-09-21 03:41:04,Ini super gampang banget digunainnya karena stepnya mudah dimengertii loh. inii cocok banget buat pekerja untuk ttd eletronik hahahaâ€¦. keren dan good job banget PrivyğŸ™Œ
2024-09-20 05:49:05,"nais, gamoang banget digunakan dalam pemakaian, berkirim dokumen jadi gampang. pakde saya aja bisa menggunakan kok. thankzğŸ™ğŸ»ğŸ˜"
2024-09-20 05:20:41,aplikasi yg dibutuhkan banget nih buat ttd elektronik cocok buat para pencari kerja
2024-09-20 04:52:27,worth to try banget buat yg mau bikin TTD digital apk ini bener2 mempermudah
2024-09-20 03:38:06,aplikasinya sangat membantu tiap bikin ttd digital dimanapun. very easy to use recomended sekali â­â­â­â­â­
2024-09-20 03:25:13,Mantap . Aplikasi yg memudahkan & bantu para pekerja bikin ttd eletronik. Naisseuuu
2024-09-19 14:30:34,Aplikasi tanda tangan digital favoritku. Simple dan gak ribet.
2024-09-19 11:16:33,aplikasi yang sangat membantu. Dengan tanda tangan digital saya jadi ga repot lg. Thank you privy
2024-09-19 05:50:13,"gak perlu mikirin lagi kalo mau tanda tangan digital, tinggal pakai ni aplikasi beres, recommended banget sih buat kita yang anti ribet"
2024-09-18 10:36:33,"Keren banget, sekarang tanda tangan digital jadi lebih gampang, pokonya bintang 5 dehğŸ˜"
2024-09-18 09:48:45,Keren sih aplikasinya. Sekarang bisa ttd digital tanpa repot lagi.
2024-09-18 08:53:56,"Aplikasi yang sangat bagus, sangat recommended sekali untuk membuat tanda tangan digitalğŸ‘ğŸ‘ğŸ‘ğŸ‘"
2024-09-18 08:49:32,"aku gunain ini pas daftar cpns kmaren dan semua tahapannya lancar abis, terima kasih developer. semoga ke depan update nya lebih baik lg dan terus bantu aku buat ttd digital"
2024-09-18 07:17:41,"nice app, sangat membantu utk pembuatan ttd digital, worth to try dan very reccomended!!"
2024-09-18 06:05:27,Ini membantu banget buat mempermudah urusan administrasi. Bisa tanda tangan di mana saja dan kapan saja. Terima kasih privy...terbaik!!
2024-09-18 04:25:46,"Buat kalian yang bingung tiap kali mau bikin ttd digital, cobain deh aplikasi ini, aku udah coba sendiri dan ternyata worth to try bangettt"
2024-09-17 11:54:42,"Aplikasi nya gampang digunakan, rekomended sih buat yg mau bikin tanda tangan digital. Bintang 5 pokoknyaaa"
2024-09-17 10:57:36,kalo bisa kasih bintang 10 bakal aku kasih dehh bintang 10 buat aplikasi se berguna iniğŸ¥¹ sukak banget!! makasih banyak privyâ™¡
2024-09-16 15:04:56,"aplikasi ini bener-bener membantu banget, buat ngurus ttd digital jadi gampang pol. mantap"
2024-09-16 09:46:09,"Aplikasi ini sangat mempermudah keperluan administrasi dan kalo untuk ttd dokumen juga lebih cepat pakek apk ini, mantap dehğŸ‘"
2024-09-16 08:57:58,Tanda tangan digital kini lebih mudah dan aman dengan Privy! ğŸŒŸ Nikmati kemudahan menandatangani dokumen secara digital dengan teknologi kriptografi asimetris dan infrastruktur keamanan publik.
2024-09-16 07:15:02,"aplikasi yang bagus nih, penggunaan nya gampang pula. nice pokoknya ğŸ‘ğŸ‘"
2024-09-16 04:05:50,Sumpah apk tersimpel kalau lg butuh e materai
2024-09-15 12:47:12,"Rekomended bgt aplikasinya, mudah digunakan, kalo lagi butuh TTD dokumen cepet langsung buka aplikasi ini aja."
2024-09-15 11:58:26,"Aplikasi yang bagus dan sangat berguna, terutama bagi yang harus sering menggunakan tanda tangan digital."
2024-09-14 13:43:15,aplikasi sampah jangan pernah menggunakan anda akan menyesal sangat ribet dan tidak seamless mending jangan pernah pake. aku dijebak pluang seandainya tidak ada pluang saya tidak akan pernah download balikin kuota ku woy privy
2024-09-14 09:31:50,"aplikasinya sangat memudahkan banget apalagi dengan jarak jauh, dan aplikasinya juga bagus gak ribet mudah dipake, pokoknya the best aplikasinya membantu banget"
2024-09-14 08:03:55,"keren banget sih aplikasi ini, bikin administrasi beli e-materai dan buat ttd elektronik semuanya tuh lbih praktis, ini yang buat ku suka pake aplilasinya"
2024-09-14 06:32:36,"Aplikasi ga lemot dan proses pembubuhan jg cepet jd amat sgt rekomended buat yg butuh ematerai di segala dokumen, bintang 5 deh pokoknyaa"
2024-09-14 06:15:52,beneran ngebantu sekali bagi yang butuh e-materai jadi ga buat ribet
2024-09-14 05:59:55,"Semenjak ada app ini, jadi gampang banget buat ttd digital. Sat set beres. Nice banget pokoknya"
2024-09-13 09:31:40,"Sangat berguna dan bermanfaat, penggunaan e-meterai juga sangat mudah dan berhasil daftar cpns."
2024-09-13 09:11:10,wihh lebih cepat dan mudah. keren see. semua jadi gampang.
2024-09-13 07:48:56,"sekarang jadi mudah berkat privy.. puas banget pake app privy, kalo lagi butuh ttd dokumen cepet tinggal buka app ini.. gampang banget kan"
2024-09-13 06:05:50,Aplikasi ini sangat membantu sekali waktu mencari materai padahal waktu itu chaos bangett huhu best bangett
2024-09-13 05:48:46,"ini tuh salah satu app yg selalu aku pake, cara pakenya mudah bgt, sngt2 recommended!!!"
2024-09-13 03:27:05,mantap banget ni app sangat membudah buat bikin ttd.. ntaps ğŸ‘
2024-09-13 01:36:56,"Aplikasi ga jelas ribet macam pinjol aja pake foto ktp, hanya mau TTD doang harus bayar lah ini lah....jgn dowad ges"
2024-09-12 12:12:53,"gampang bgt mau ttd pake privy ini, gak perlu keluarin banyak uang buat print kertas. udh hemat, peduli bumi yg minim kertas. aku kmaren cpns pake ini"
2024-09-12 10:51:12,"Keren app nya ,tanda tangan dan materai elektronik jadi cepat, recomen banget..pekerjaan jadi mudah"
2024-09-12 10:11:34,aplikasi privy sangat mempermudah mahasiswa banget kayak saya yang lagi skripsian jadi ga ribet katena bisah bikin ttd digital dimanapun â™¥ï¸
2024-09-12 08:29:35,"Pertama kali coba tadinya buat beli e-materai, eh langsung bisa dan berhasil. very recommended banget buat yg pengguna e-materai kaya saya"
2024-09-12 07:48:20,"Direkomendasiin ini sama teman untuk keperluan ematerai, ternyata mudah dan bagus ğŸ‘"
2024-09-12 07:23:16,"sebagai pebisnis, aku butuh tanda tangan digital yang praktis & terpercaya, dan Privy ini berhasil menjawab semua kebutuhan ituğŸ˜­ğŸ«¶ğŸ» fitur-fiturnya lengkap bangetttt asli, mulai dari beli e-materai sampai tanda tangan dokumen penting. pokoknya terpercaya bgt deehhhğŸ¥°ğŸ¤©"
2024-09-12 06:26:10,"sebelumnya tau Privy dari website, sekarang ada versi aplikasinya gas langsung coba dan ternyata sama sama satset kayak di website keren dan mempermudah mengurus e-materai"
2024-09-10 21:27:17,"admin, bagaimana solusinya, saya beli materai 5 biji, setelah verifikasi akun, ematerai saya hilang, uang saya hilang, bagaimana ini? sudah ajukan refund ke email, tpi tidak juga diindahkan email saya. tolong solusi hey secepatnya"
2024-09-10 08:13:48,aplikasinya ngebantu bangett
2024-09-10 07:36:22,"Berkali-kali saya mau e-sign dengan e-meterai. Di akun saya e-meterai sudah terpakai tapi kemudian failed.
E-meterai saya tetap berkurang walaupun dokumen failed.
Sejak update ke privy terbaru malah kacau.
Privy web juga tidak bisa upload file."
2024-09-09 03:00:22,"Aplikasi jembut, sudah beli materai tapi tidak bisa digunakan, aplikasi scam"
2024-09-08 11:58:15,Banyak bug cs nya ga ngasuh solusi malah suruh daftar ulang terus
2024-09-07 21:09:09,"Not recommended. Aplikasi nya cukup mengecewakan, untuk pengguna baru cukup membingungkan, fitur nya kurang jelas. Proses ttd nya ribet. Penempatan ematerai nya jga ga easy. Pas scroll buat next slide doc nya gabisa, ga jelas banget."
2024-09-07 15:26:44,saya sudah mengirim d email privy untuk pengkinian data tapi belum ad respon. mohon bantuannya untuk pengkinian datanyağŸ™
2024-09-07 12:08:06,"Tolong gimana ceritanyaaa..
Dibelinya gampang tapi pas mau pakek nggak bisaa APLIKASI ANEHH ğŸ”¥"
2024-09-06 18:29:24,"Parah bgtttt udah beli materai 6 biji, saldo kepotong 78 ribu, pas dibubuhi/ digunain ga bisa. Tulisannya e-materai maintenance. Kembalikan uang saya. Aplikasi bodong. Penipu."
2024-09-06 15:59:19,"Otp masuk lewat email pas di masukan salah terus, yang benar nya mana????"
2024-09-06 14:13:58,Perbaiki posisi barcode. Untuk beberapa dokumen barcode menutupi catatan akhir dokumen.
2024-09-06 04:47:51,Lama banget ga rekomended hapus aja dari appstore
2024-09-06 00:58:12,apk asu... buang2 duit aja beli ematerai disini..
2024-09-05 18:30:39,hilang dokumen hilang ematerai jg gila lo
2024-09-05 16:39:52,kok bisa buka y kak tolong secepatnya ya kak karena mau tanda tangan kontrak kerja kak
2024-09-05 15:46:44,"Setelah upgrede sistem, knp selalu pemeliharaan sistem...kapan selesainya??"
2024-09-05 15:31:04,Bagaimana cara pembubuhan ematerai? Karena dari tadi saya gagal terus
2024-09-05 15:18:13,Kenapa akun privy saya tidak bisa ke bukak Haya lansung ke situs web..
2024-09-05 11:46:48,"Aplikasi t*i, servernya lemh"
2024-09-05 10:43:31,Kok ini bacaan nya perbaikan sistem terus ya dari pagi sampe sore begini
2024-09-05 10:20:06,Woi kok jumlah emeterai gw berkurang padahal blm terbubuhi dokumen nya
2024-09-05 09:34:58,"tidak bisa diandalkan,, menjelang penutupan CPNS tiba"" ngeblank gabisa dipake sama sekali, padahal udh beli e-meterai , udah upload file tiba"" mohon maaf sedanv pemeliharaan hangus udah dah, kecewa"
2024-09-05 08:49:36,ini kenapa gangguan terus ya?
2024-09-05 08:28:08,Min tolonglaahh saya udah beli materainya ini mau bubuhkan gak bisa masuk akun teruss dari semalem min saya pantau 24 jam ini gimana gam bisa jugaa mohon solusi miiiinnnnnnnn
2024-09-05 07:07:59,Pas di butuhin malah down
2024-09-05 06:56:20,"apk dan webnya bagus, baru aja siap membubuhi emeterai dari webnya. disaat web lain down, privy jadi satu satunya penolong disaat genting penutupan cpns. walau saat ini apk masih maintenance, tapi webnya masih bisa akses asal sering refresh aja. terimakasih privy"
2024-09-05 06:31:59,"Baru aja beli e-materai eh, malah maintenance :("
2024-09-05 04:27:14,Tolong ini maintance lama kali
2024-09-05 03:32:04,Eror terus susah banget
2024-09-05 03:15:37,Pemeliharaan sistem terus menerus.. Menghambat kerja
2024-09-05 02:24:07,walah sering banget eror dalam proses pemeliharaan mulu
2024-09-05 01:55:42,"Privy sekarang gak bisa kebuka ,,"
2024-09-05 01:29:51,"Semoga kedepan aplikasinya dapat update agar tidak sering terjadi gangguan saat verifikasi, terimakasih."
2024-09-05 01:07:23,"kak, mau tanya, apa privy lg error..??, msuk lewat web atau aplikasi, ssusah"
2024-09-05 00:55:29,"Update aplikasi bukannya meningkatkan kualitas, tapi malah mempersulit pekerjaan, seharusnya setiap update harus lebih bagus, ini malah makin turun."
2024-09-05 00:47:59,Pemeliharaan sistem sampai kapan?
2024-09-05 00:24:01,"Aplikasi sangat jelek. Loading lama, sering error, aplikasi force close. Proses ematerai sampai pembubuhan gak berhasil. Sangat tidak direkomendasikan."
2024-09-04 23:57:57,"Aplikasinya lagi error ya? Dari kemaren masuk gabisa terus, katanya sedang dalam pemeliharaan, kapan biar bisa lagi aplikasinya??"
2024-09-04 23:33:09,"Haduh aplikasi ini seharian saya ingin tanda tangan selalu sistem dalam perbaikan,bikin orang gagal di ACC kartu kredit nya,"
2024-09-04 22:45:05,"Bagian beli e materai lancar, waktu pembubuhan error terus. Sekarang malah pemeliharaan sistem gmn dah, kalo gabisa jangan dijual dulu e materai nya. Jawab aja disini ga usah neko2 pake email, sama saja ga dijawab"
2024-09-04 22:10:51,Setelah bayar e materai kok tiba2 pemeliharaan sistem?
2024-09-04 22:05:20,"Aplikasi terlalu berat, lagi pembubuhan e-meterai malah log out sendiri, streessss"
2024-09-04 21:09:51,"Tolong developernya agak di uprade UX experience nya... fitur download yg di swipe ke kiri, kalau terlalu jauh swipe ke kiri langsung terhapus. Paling ga ada fitur pembatalan hapus nya.
Gw udah hati hati swipe tetep aja kehapus. Sia sia e materai gw!!!!"
2024-09-04 16:37:48,Masa tanda tangan sendiri (pilihan menunya cm penerima) dan hasil scan barcodenya untuk verifikas hasilnyai penerima nama kita juga kan aneh... itu kan multi tafsir nantinya hrsnya gak ada menu penerima dan yang tetapi para pihak jika lebih dari satu orang jika cm satu orang yg cukup tulis telah ditandatangani oleh xxx
2024-09-04 16:23:41,"kenapa pemeliharaan sistem mulu sih min, mau ngebubuhin e meterai loh ini"
2024-09-04 16:02:41,Waduh emeterai nya lagi eror.. Lagi butuh banget
2024-09-04 15:48:53,"Baru instal udh pemeliharaan jaringan, ngak jelas ni"
2024-09-04 13:55:34,Ga guna dibutuhin malah down
2024-09-04 13:51:56,"Jangan download aplikasi apa coba, mask iyaa isi foto Kto emang mau pengajuan pinjmn?"
2024-09-04 13:38:49,Kenapa aplikasi nya ini tiba2 eror
2024-09-04 13:11:05,ini aplikasi Verifikasi pakai ktp dan foto tapi ujung ujung gak bisa daftar dan gagal verifikasi dan gak bisa masuk sampai saat ini
2024-09-04 12:54:04,Aplikasi apaan ini baru install udah pembaruan sistem ga jelas
2024-09-04 12:44:19,B1 dulu. Servis TIDAK MEMUASKAN. ALIAS ZONK !!. DAN CENDERUNG PENIPUAN. TANDA TANGAN ITU BUAT PERJAJIAN YG SDH PASTI. KALIAN YG MO DONLOD PIKIR2 DLU. BUAG2 KOTA LHO. GAK USAH MIKIR WAH INI APP MODERN. INI APP TAIK KUCING !!!. Ntar ngerti maksudnya apa.
2024-09-04 12:34:52,ayo dong segera di perbarui di perbaiki servernya jaringan privynya cpns 2024 segera tutup tgl 6 september nih ğŸ˜”ğŸ¥ºğŸ˜­ğŸ˜­ğŸ˜­ğŸ˜­
2024-09-04 12:25:18,Aplikasi tidak bisa di gunakan
2024-09-04 12:20:05,"Apk lelet banget payah,, Saya mau buat akun baru malah loading lama udah gitu malah gagal terus sudah saya coba ulang-ulang tetep saja seperti itu, padahal koneksi internet bagus dipakai nonton juga di kualitas tinggi lancar bangett gak ada kendala"
2024-09-04 11:23:14,kenapa pemeliharaan disaat saat terakhir pendaftaran CPNS?
2024-09-04 11:00:01,"Sinyal lancar, buka apk lain juga lancar, giliran di privy lag parah tidak bisa dibuka, loading lama, pembelian materai sering gagal, padahal pembayaran berhasil dan saldo sudah terpotong, tolong diperbaiki"
2024-09-04 10:45:59,Aplikasinya berat banget ngurusin sinyal mulu
2024-09-04 10:22:35,"Berat bgt apk dokumen udah di masukin e matrai tiba2 keluar, masuk ga ada history dokumennya tapi e matrai sudah terpakai"
2024-09-04 10:21:15,"Aplikasi ini sangat baguss, memudahkan saya dalam membeli e-materai dan dapat melakukan tdt digital melalui app ini. Pokoknya rekomen buat semua kalangan."
2024-09-04 10:14:00,"E-meterai terpakai tpi dokumen nggak jadi, bubuhkan e-materai gagal tpi tetap terpakai materainnya, hubungi cs susah banget"
2024-09-04 09:41:59,"aplikasi tidak mendukung, setiap digunakan selalu buffer."
2024-09-04 09:07:28,"Iâ€™ve tried the verification process from 6am to 4pm and still no progress. While i received the OTP numbers, the app said itâ€™s incorrect. ğŸ™ƒ"
2024-09-04 08:43:53,server down mulu kacau. pdhl lg urgent. salah sedikit gabisa direvisi sampe harus top up pembelian e-materai 3x
2024-09-04 07:55:58,"Jelek banget apk lu. Lama banget maintenance nya , untuk verifikasi data juga susah..."
2024-09-04 07:54:33,Mau daftar akun terjadi kesalahan terus GK jelas aplikasi nya
2024-09-04 07:40:44,"Mohon di infokan melalui live chat,, email helpdesk,, dan Whatsapp... Apaan udah semua tp KAGA ADA JAWABAN.... Dagul"
2024-09-04 06:54:34,Gak bisa daftar untuk apa.
2024-09-04 06:40:05,Dari pagi sampe sore lemot..g bs ttd...lwt hp lwt laptop tetap g bisa..jd g bisa ngerjain kerjaan yg lain...battery hp sampe habis nungguin doank..
2024-09-04 05:51:39,"Baru download mau bikin akun aja udah error.
Another useless apps"
2024-09-04 05:14:21,"Jangan di dowload, GA GUNA"
2024-09-04 04:28:57,Daftar aja gak bisa... App lemah
2024-09-04 03:55:43,Aplikasi sangat berat beli e materai selalu close dengan sendirinya. Hubungi Cs di WA dapat balasan 'Cs di WA tidak dapat dilakukan' Bantuan via email respon sangat lama sampai berjam-jam TIDAK REKOMEN MENGGUNAKAN APLIKASI INI
2024-09-04 03:29:20,"Owh, eror sampek 6 september ya.. Pasti gara gara anu itu.."
2024-09-04 00:32:17,"Masa beli ematerai disini, ketika akan bubuhi materainya, eror. saya klik mencoba ulang. ternyata menggunakan materai baru. rugi. materai habis dokumenn ga terbubuhi! bingung mau hubungi csnya ga bisa, karna gangguan sampe tanggal 6 september. aplikasi merugikan"
2024-09-04 00:08:09,"beli e materai tapi gabisa dipakai gasemua orang punya uang, karma its reall."
2024-09-03 18:34:22,E-materai gak BS ditambahin dokumen gak bisa disave sekalipun bisa yg ke save dokumen sebelum dibubuhi E-materai
2024-09-03 16:12:50,Hati hati pakai aplikasi ini. Matrai nya udah di bubuhin tbtb keluar dan file yang tadi udah di bubuhin gaada di history dan gabisa di buka. Alhasil ilang matrainya. Aplikasi jijiki.
2024-09-03 12:09:30,"Kecewa banget sama privy karena apk ini, bikin aku emosi. Aku tuh cmn butuh e materai doang. Bukan ttd nya juga. Gak guna kapok makek ini. Mending ku kasih bintang. Kalok bisa gak usah deh di kasih bintang. Gak pantes"
2024-09-03 09:52:30,Dokumen yang sudah dibubuhi ematerai tidak bisa didownload bersama materainya
2024-09-03 05:26:14,Aplikasi lu ngelag
2024-09-03 04:48:39,"Banyak syarat daftarnya, malah gak bisa di pake! Pencurian data ini mah"
2024-09-02 10:10:34,"Aplikasi yang memberikan kemudahan terhadap kebutuhan tanda tangan kepada dokumen secara resmi, serta dapat menempelkan e-materai dengan mudah. Dan tentunya, memberikan jaminan atas keamanan atas kerahasiaan privasi pengguna."
2024-09-02 05:53:31,"Aplikasi bego,jelek,payah semuanya pokoknya download kgk bisa terus. Rugi gw beli E materai. GK recomend buat dipake nih apk gw ngasih tau aja buat yg mau make apk ini mikir dua kali dulu"
2024-08-31 23:56:22,"Bagi yang bermasalah saat mendownload, bisa di coba untuk mendownload melalui situs web. Karena saya juga bermasalah saat mendownload file yang sudah ditandatangani dengan aplikasi ini."
2024-08-31 06:28:05,Apk rusak. Sdh beli ematerai . Saat mau upload dokument . Apk kluar sndri.. apk error. Rusak..
2024-08-29 12:18:47,Mantap Privy ğŸ‘ğŸ‘ğŸ‘
2024-08-29 03:30:48,"Saya beli 3 matrai yang di pake masi 2 matrai mau di pake yang ke 3 hilang tiba tiba sudah habis gimana si ini apk, ada gua buktinya."
2024-08-27 02:22:55,"gagal terus deteksi livenessnya, di update bukannya makin baik malah makin buruk"
2024-08-26 05:25:37,kelamaan banyak proses ini itu
2024-08-25 23:26:09,"Tolong dibuat lebih smoot lagi aplikasinya agar user lebih nyaman pakainya tidak patah-patah, terimakasih"
2024-08-23 07:35:28,"Aplikasi sangat mudah digunakan, interface mudah dipahami, sangat memudahkan saat penandatanganan dan pembubuhan materai"
2024-08-23 07:34:09,"Tampilan aplikasi sangat menarik, mudah untuk digunakan oleh masyarakat luas."
2024-08-21 13:24:11,"Login password selalu salah, coba forgot password pas submit loading terus ga kelar2. Kacau"
2024-08-21 07:07:12,"aplikasi aneh banget astaga, bukannya membantu malah mempersulit
mau verifikasi aja diulang beribu kali, padahal tadi udah bisa tapi tetep aja masuk ke halaman awal"
2024-08-21 06:40:19,Tolong udah beberapa kali verifikasi masih aja ngulang kalo kayak gini terus gimana
2024-08-21 02:21:49,Liveness eror dan masalah kredensial
2024-08-20 08:35:48,pengkinian data error mulu.
2024-08-19 16:40:10,"Verifikasi no tlp ga bisa, kusut"
2024-08-19 07:00:19,Ini aplikasi makin hari makin ga jelas. Diminta untk verification pake face tapi gagal terus. Percuma pake ini mending cari yg lain aja
2024-08-19 03:09:19,Bagus. Dan Terpecaya
2024-08-16 11:49:16,aplikasi goblok verifikasi2 mulu !!! monyet
2024-08-16 01:46:40,Trying multiple times in liveness to verify my phone number but always failed. Please advise :) i need my e-sign to apply nex card. Thanks
2024-08-13 06:46:34,"Aplikasi kalo belum ready buat direlease ya jangan direlease, tolol banget"
2024-08-13 04:15:35,"Aplikasi bener"" lambat, padahal dulu pakai ga gini trus tiba"" sering eror :("
2024-08-12 15:50:17,Swafoto kek tai
2020-02-12 03:42:17,Sangat membantu sekali
2024-08-10 08:04:47,"Selalu minta verifikasi wajah, padahal sudah jelas, twrang dan background polos"
2024-08-09 16:15:56,Good job seller
2024-08-07 09:44:26,"APLIKASI TIDAK JELAS, UNTUK KEBUTUHAN TTD PERLU VERIFIKASI KTP, LIVENESS JUGA TIDAK SESUAI!! MAU PINJOL ATAU APLIKASI TTD INI APLIKASI?????"
2024-08-06 11:24:27,kenapa pas verifikasi wajah kamera tibaÂ²gelap sedangkan di aplikasi kamera normalÂ² aja? aplikasi aneh menyulitkan pengguna
2024-08-06 03:19:58,Verifikasi wajah gagak terus
2024-08-03 10:06:46,"Ini kenapa ya, padahal di suruh buat sandi pke 8 karakter termasuk simbol, tapi kenapa pas mau login ulang simbolnya gk bisa d pencet"
2024-08-01 09:54:32,"Pertama daftar mesti bgt upload ktp?
Kedua udah ngisi materai ke back materainya hilang krn dokumen yg tadi di tempel ga ada history nya"
2024-08-01 06:08:35,"since july update when privy force people to use the app to reverify the user and block the website, ever since then i have been forced 3 times kyc , success and a week later asked kyc again, success and 2 week later asked again, to post the KTP, live detection ans so on, seem they not responsible for our biometrics data."
2024-07-30 19:06:06,"Gak bisa deteksi wajah. Lapor ke admin, permasalahannya tetep gak selesai2"
2024-07-30 13:56:06,"ngirim email buat ttd, pas di buka gak ada dokumen yang di ttd. yang balas wa aja jelek responnya kaya orang buru buru pulang kerja. saya sih sudah gak percaya."
2024-07-30 12:37:10,Deteksi liveness gagal terus
2024-07-30 11:29:05,Aplikasi yg GA MEMUDAHKAN SAMA SEKALI!!! ANEH
2024-07-30 03:59:43,verifikasi wajah berkali kali gagal trus dan aplikasi lemot banget
2024-07-29 23:37:07,Aplikasi ribet kayak pinjol aja ada verifikasi wajah. Hatihati aja lah
2024-07-29 08:05:17,Aplikasinya terlalu berat loadingnya lama
2024-07-23 07:08:22,"Update versi saat scan wajah selalu gagal, sudah mengikuti instruksi namun masih gagal"
2024-07-21 22:34:05,"Seandainya ada sepuluh ğŸŒŸ bintangnya, maka saya tak segan-segan untuk memberikan semuanya,, mantap saya suka banget.ğŸ¤™"
2024-07-17 13:08:38,Verifikasi wajah yang gagal terus. Padahal sudah mengikuti instruksi
2024-07-17 09:26:22,Apk TTD digital yang sangat mudah digunakan dan keamanannya pun sangat terjamin
2024-07-14 15:21:26,Coba lebih dioptimalisasikan agar aplikasi tidak terlalu berat
2024-07-14 04:11:26,"tidak bisa logib berkaliÂ² ,pdhl udh perbarui id dan password ğŸ¥²"
2024-07-13 12:41:30,Nih apk bisa baca gak sih? Mau verivikasi KTP aja susahnya minta ampun udh 10 kali lebih ngulang masih tetep gak bisaağŸ¤§
2024-07-12 04:59:45,Tidak bisa mendeteksi
2024-07-11 18:33:36,"Aplikasi Mudah Di gunakan untuk Meterai Elektronik dan Tanda Tangan Elektronik, Bisa untuk Lamar Kerja dan CPNS. Sangat membantu TOP"
2024-07-11 04:36:09,Privy membantu bisnis manjadi lancar terimakasih privy
2024-07-10 10:05:01,"Jujur ini aplikasinya memudahkan banget buat tanda tanda tangan macem macem dokumen. Jadi hemat waktu banget. Fitur fiturnya lengkap dan user friendly, ada e meterai juga dengan sertifikat kepercayaan yg tinggi. Cuma pas verifikasi wajah sempet mengalami beberapa kendala padahal udah ditempat terang. Tapi akhirnya jadi juga sih. Keren PrivyId."
2024-07-10 09:52:52,"Sejauh ini saya menggunakan privy untuk ttd digital untuk keperluan pribadi cekup aman  dan efisien bisa menghemat waktu kemudian juga paperless karena bisa mendukung gogreen juga. tapi saat saya ingin ttd itu harus menggunakan kode otp yang dikirimkan via whatapps, untuk via whatapss masih ada kendala tidak terkirim kode otpnya, untuk kedepannya supaya bisa ditingkatkan lagi. sukses buat privy"
2024-07-09 17:30:02,Tanda tangan online mantap. Bisa ptifacy tanda tangan manatp
2024-07-08 19:28:30,apk nya bagus
2024-07-08 17:30:41,"Solusi bagi yg butuh materai elektronik, pelayanan bgus dan ramah"
2024-07-08 12:45:15,"Mau login aja setengah taun ga masuk2, masih aja ada yg kerjasama sama merk ini, parah"
2024-07-08 12:35:54,"Cepat perbaikin sistem nya, kami mau ttd kontrak malah gabisa, lemot amat perbaikin sistem nya"
2024-07-08 06:47:14,"Baru nemu aplikasi tanda tangan elektronik Privy ternyata mudah digunakan sangat rekomended sekali,,, makasih saya jadi terbantu"
2024-07-06 00:33:10,"Mudah digunakan,dengan adanya aplikasi ini semua dokumen digital bisa di tanda tangani. Pekerjaan jadi mudah Contohnya kartu keluarga"
2024-07-04 06:09:42,"gajelas bgt, verivikasi muka susah, padahal udah indiksi hijau dan pencahayaan cerah tapi ga ke konfirmasi"
2024-07-04 06:06:36,"Terlalu banyak bug, payah!!"
2024-07-02 04:39:07,"UX nya busuk pas ttd, apalagi versi baru nya gak jelas"
2024-07-02 01:56:52,Agak ribet ya
2024-06-30 09:28:21,Praktis dan efektiv
2024-06-28 09:11:35,Kode OTP tidak terkirim di WA
2024-06-27 21:34:54,"Bagai mana ini kak untuk mendownlod file lama sekali padahal sinyal memadahi saya sampai udah berjam"" Tapi tidak kedowonlod juga!!"
2024-06-26 05:23:51,Kirim kode otp dri pagi higa petang gak afa blasannya... Gimana ni nind...?
2024-06-25 21:57:16,"Good job, Alhamdulillah."
2024-06-24 01:00:23,"Sangat bermanfaat namun, saya memiliki kendala dibagian acc tanda tangan digital mohon bantuannya min"
2024-06-22 05:57:11,Gagal mulu registrasi
2024-06-21 09:34:13,"Mantap.. UI nya modern ga kuno.. Lebih baik sih dan lebih bagus ğŸ‘ YANG NGASIH RATING JELEK, SELERA KUNO!! PRIMITIF"
2024-06-20 06:06:31,"Asw... update bukannya lebih bagus malah jadi ampas, makin ribet, dahlah pindah aja"
2024-06-14 16:05:42,Materai saya hilang tidak diganti padahal saya tidak melakukan apa2
2024-06-14 09:18:21,"aplikasi apasi ini gajelas,jelek,gagal mulu verifikasi"
2024-06-11 06:56:55,Sekali beli e-materai belum dipake udah habis
2024-06-11 03:44:04,Verivikasi wajah sangat lama dan gagal terus. Padahal sinyal internet aman
2024-06-06 13:49:01,Aplikasi bagus buat tanda tangan gk ribet dan bisa dilakuin dimna saja
2024-06-06 00:50:50,Ga bisa daftar
2024-06-03 21:35:36,"Knpa aplikasi ini sangat susah melakukan verifikasi wajah nya, aku udah Samapi 20 kali gagal terus"
2024-06-03 06:11:22,Bisa membantu sekali aplikasi ini
2024-06-01 10:38:43,Gak jelas banget verifikasi muka ga terdeteksi
2024-06-01 07:41:47,"ni knp susah amat si verifikasi wajah? padahal muka asli sm ktp sama, udh live chat udh diikuti arahannya, dh dicoba 30x lebih ttp gabisa ni gmn si ah, ribet bgt"
2024-05-29 10:07:18,an app for supporting the digital transformation
2024-05-28 09:58:55,"Baru di update beberapa hari kemudian minta update lagi ,fitur lama di buka"
2024-05-28 09:17:25,"TIDAK RECOMMENDED. SANGAT BURUK!!!!Setelah di perbaharui, kontrak yang sudah di TTD menghilang semua!!! Padahal itu kontrak penting masalah kerjaan. Sudah komplain lewat DM Instagram dari bulan april tapi sampai skrg akhir bulan mei belum ada kejelasan dari pihak privy!!!!!! BINTANG 0"
2024-05-28 07:08:34,Worst apps ever!! Not user friendly at all. What the use of signing if I cannot obtain the signed document!! Very stupid!
2024-05-27 12:40:51,Sangat bermanfaat untuk kerja di kantoran.
2024-05-26 04:33:54,"Setelah di update fitur baru nya sangat keren,lebih simpel mantap pokonya, tanda tangan makin mudah thank you privy"
2024-05-26 03:20:12,Terima kasih Privy sudah meberikan akses tanda tangan tanpa batas sekarang tanda tangan digital jadi lebih mudah
2024-05-26 03:11:09,"Dengan adanya update terbaru dari privy ini, sangat membantu saya untuk menandatangani dokumen"
2024-05-26 03:04:03,Jadi lebih simpel dan mudah banget tandatangan online pakai aplikasi privy
2024-05-25 15:36:24,"Aplikasinya makin bagus,user interfacenya mudah dipahami"
2024-05-25 11:31:34,"Deteksi liveness selalu gagal meskipun pencahayaan melimpah, tolong perbaiki. Terimakasih"
2024-05-25 04:28:14,"Nice update,Akses tanda tangan jadi tanpa batas dengan fitur terbaru Privy personal plan,aktivasi nya juga mudah jadi langsung dapet free trial juga.terus dikembangin apknya"
2024-05-25 04:06:41,"Wih sekarang tanda tangannya jadi unlimited dan tanda tangan jadi lebih mudah, thanks ya privy"
2024-05-25 03:54:50,"Aplikasi bagus buat tanda tangan.. jadi tada tangan unlimited, mudah, dan cepet... Bikin berkas jadi ngga ribet sama sekali.. sangat rekomendasi"
2024-05-25 03:20:14,"sumpah, Privy bikin hidup gue lebih gampang menandatangani dokumen, apa lagi kalau udah di kejar deadline, best banget dehh"
2024-05-25 01:51:13,"Ada aplikasi Privy, jadi makin mudah buat tanda tangan di banyak dokumen digital"
2024-05-24 12:36:52,"Masa gak ada akses untuk lupa ID, malah cuma dikasih memo cek email pertama kali registrasi, ya kalau udh terhapus bagaimana mau cek"
2024-05-24 06:45:24,Setelah diupdate jdi mkin gmpang app.nya... Udh gtu pake privy jdi gampang ttd buat banyak dokumen skaligus.. Nice...
2024-05-23 06:10:30,"Tidak bisa membaca eKTP, gagal verifikasi terus, aplikasi jelek"
2024-05-23 04:47:55,Aplikasi bagus berguna buat tanda tangan digital
2024-05-23 04:24:18,"Aplikasnya berguna banget buat yang lagi butuh tanda tangan dokumen yang ga ribet, gampang juga pakai aplikasinya tampilan aplikasi sederhana jadi memudahkan pengguna ditambah lagi dengan fitur-fitur lengkap"
2024-05-23 04:09:25,"Aplikasinya bagus dan mudah d pahami ,, tanda tangan jadi lebih gampang"
2024-05-23 03:51:45,Sangat simpel ya apk nya setelah update bisa dipakai tanda tangan recommended banget
2024-05-22 06:58:29,The loading just takes forever!! Open one page could take 1 minute!! Can imagine if we need to sign 100 documents? Please fix it
2024-05-22 06:15:36,"Sangat bermanfaat sekali buat saya, simple mudah digunakan untuk pekerjaan saya, lanjutkan tingkatkan terus ğŸ‘"
2024-05-22 06:13:55,ini apk bagus bgt sangat mempermudah membuat dokumen dengan adanya fitur tanda tangan digital ini no ribet ribet
2024-05-22 06:05:05,sekarang tanda tangan nya jadi unlimited dan aktivitasi nya jadi mudah langsung dapet free trial
2024-05-22 05:58:32,"Aplikasinya tambah bagus setelah diupdate, tanda tangan juga lebih mudah sekarang. Thanks ya privy"
2024-05-22 05:40:35,"Aktivasinya mudah banget, nggak ribet jadinya. Dapat trial tanda tangan secara gratis jg, the best ğŸ‘ğŸ’¯"
2024-05-22 05:37:57,Tanda tangan jadi simpel dan bisa dimanapun dengan aplikasi ini... Good job
2024-05-22 05:33:48,"Sekarang tanda tangan nya jadi unlimited, thanks privy"
2024-05-22 05:27:01,"Suka bgt sama apk dg updatean terbarunya, tanda tangan jd lebih mudah dan unlimited pula.. mantap"
2024-05-22 05:16:28,"aplikasinya bagus sekali, sangat mempermudah dalam tanda tangan secara digital, rekomen untuk di download!"
2024-05-22 02:02:55,"Jelek tidak responsif, verifikasi AI gagal terus"
2024-05-21 08:42:58,"Ntah apa yg terjadi saya sudah registrasi akun baru, ketika saya ingin verifikasi akun malah terbuat akun baru padahal ada dokumen yg harus di ttd di akun lama, ketika ditanya sama customer service tidak membantu sama sekali jawabannya, solusi tidak ada,"
2024-05-20 14:41:19,Mantap aplikasi nya memudahkan administrasi
2024-05-20 02:16:15,Tambah berat sering eror
2024-05-19 23:36:39,"I ve been using privy for years as a personal and also enterprise. Lately privyid update it s software. However, after the update even simple signing a document becomes more complicated: i ve to do maybe more than 10 clicks here n there. Previously less than 5 clicks. I Hate this change ğŸ˜”"
2024-05-19 11:00:00,Wihhh pas banget Nemu apk macem privy enak bgt buat TTD online ga perlu ribet2 edit lagi dehhh makasih privyy
2024-05-19 10:46:35,"Setelah update, jadi makin mudah nih buat bikin tanda tangan digital di privy"
2024-05-19 09:08:58,"Updatenya Makin Bagus Aja, Mantep Dev Tingkatin Lagi ya ğŸ¥³"
2024-05-19 08:43:33,"update yg sangat berguna bagi aku yang memerlukan apk ini, thanks developer"
2024-05-19 03:14:02,"Akhirnya Privy muncul fitur terbaru buat akses tanda tangan tanpa batas, dan setelah di update jadi lebih simple pakainya, thank you Privy!!!!!"
2024-05-19 03:03:32,"aplikasi yang sangat membantu tanda tangan digital, sudah di update semakin simpel flownya, thanks ya"
2024-05-19 03:00:22,"Sangat membantu untuk tanda tangan banyak dokumen, sudah di update jadi semakin canggih"
2024-05-19 02:45:33,"aplikasi yg menurut sya sangat bagus, krna memudahkan sya untun tanda tangan jauh lebih mudah dan simple. Semoga kedepannya tetep bagus kayak gini"
2024-05-19 02:18:25,"Sekarang bisa pake fitur tanda tangan tanpa batas, gak perlu repot top up lagi deh."
2024-05-16 07:37:47,"Senang banget dengan aplikasi privat ini, tanda tangan menggunakan cara digital lebih memudahkan kita untuk menggunakannya serta ada fitur-fitur didalamnya seperti fitur chat dan scan QR dan lain-lainnya,login nya pun mudah tidak sulit,saya senang sekali menggunakan aplikasi ini terimakasih privy"
2024-05-15 11:58:33,"Deteksi wajah gagal mulu, ribet"
2024-05-14 14:19:07,"mau foto verifikasi wajah, selalu gelap katanya, pada hal di siang hari ditempat terang terbuka, entah apa maksudnya? Lsg saya hapus aplikasi"
2024-05-14 12:45:49,"Sudah Beli, sertifikat digital, ehh malah ga bisa, uang udah masuk ke sana, tapi sertifikat digital ga ada, adakah nomor CS"
2024-05-12 05:02:19,Sementara bintang dua dulu y karena aplikasi ini berkali-kali sampai bosen belum bisa verifikasi wajah. Lebih mudah dan sangat membantu sewaktu masih bisa diakses di browser. Maaf jujurğŸ™ Semoga segera ada perbaikan
2024-05-11 11:38:25,Saya sudah lolos bekerja di Alfamart dan langkah selanjutnya tinggal tanda tangan di privyid tapi selalu gagal dan saya sudah lapor menunggu 2 minggu padahal katanya 2x24 jam dan ketika saya livechat untuk memastikan jawabannya sama menunggu 2x24 jam sampai 3x. Dan sekarang saya menyerah untuk laporan lagi dan saya kehilangan kerjaan saya di Alfamar gara gara aplikasi rusak seperti ini. Bisa bisanya PT segede Alfamart kerja sama dengan aplikasi Rusak
2024-05-10 16:33:46,Cukup bagus mohon di perbaiki lagi jika update supaya tidak ada bug terima kasih ğŸ™ğŸ»
2024-05-10 04:18:13,Saya ketika SDH mengisi verifikasi terus di alihkan ke foto kenapa di setiap saya mau foto berkali2 selalu gagal padahal saya selalu ikutin perintah nya selalu foto saya di anggap gagal padahal cahaya dan perintah nya selalu saya ikutin mohon di perbaiki
2024-05-10 01:43:17,"Setelah aplikasi di up date, verifikasi wajah selalu gagal di Samsung S24. Helpdeskprivy juga tdk bisa menyelesaikan masalah."
2024-05-09 07:14:22,Setelah di update kenapa jdi keluarÂ² sendiri ini knp ya
2024-05-08 10:39:27,"aplikasi nya gak bisa masuk, sering force close, sama pas lagi verifikasi muka sama ktp sering banget error"
2024-05-07 13:10:42,Tidak bisa verifikasi wajah jadi tidak bisa dipakai app nya
2024-05-07 09:27:18,"Bagaimana mau berkembang, kalau update aplikasi menjadi semakin tidak membantu Live chatt juga tidak ada bantuan apa"", hanya di minta mengirim screenshot dan tidak ada bantuan Respon yg di minta tidak membantu sekali, Saran saja, JANGAN DI PERSULIT JIKA TIDAK BISA MEMBANTU"
2024-05-07 05:25:29,Makin ribet foto gagal trus
2024-05-07 04:54:13,"Parah gak bisa masuk,kirim otp ke no gak ada otp"
2024-05-07 01:50:00,Aplikasinya cacat mau daftar aja banyak betul bugnya respon nya jelek mau ambik foto aja buat vertivikasi eror terus padahal jaringan bagus bagusnya
2024-05-07 00:12:06,HABIS UPDATE MALAH JELEK. VERIFIKASI WAJAH GAK BISA TERUS. MEMBOSANKAN!!!! TIM IT TOLONG GANTI YG LAIN AJA
2024-05-06 11:33:47,"update terbaru meresahkan, deteksi wajah selalu gagal, bagus yg versi lama."
2024-05-05 23:04:19,Aplikasi yang sangat melelahkan. Selalu gagal saat verifikasi wajah. Sudah dua hari gagal terus. Padahl sudah dengan pencahayaan yang lebih dari cukup. Lantas dasar nya apa kok gagal terus?
2024-05-05 12:03:43,Abis update kok verifikasi ulang. Mau foto selalu bilang terlalu gelap. Padahal saya dibawah lampu yang cukup terang. Di aplikasi camera wajah saya terlihat terang dan jelas. Kenapa pada saat saya pakai aplikasi privy id kamera saya jadi gelap sekali
2024-05-04 13:15:33,Kenapa saya selalu gagal meng-upload ktp saya?foto ini bukn e - ktp
2024-05-04 10:54:00,Capek aku suruh foto e-ktp tpi gagal terus
2024-05-02 10:46:55,TIDAK ADA SOLUSI DARI CS TERKAIT BJIR LA
2024-05-02 08:59:07,Privy.id sialan skrg di buat susah kalo lupa email
2024-04-30 11:46:05,Knp sudah terdaftar tidak bz masuk lg.yg ada berbalik balik trZ..
2024-04-30 10:00:14,Ku kira makin di upadate makin keren lah ya.. Ternyata makin kayak sampah. Makin payah menggunalan nya. Di tambah pulak chat nya robot yg bodoh nya minta ampun. Min min. Aplikasi mu kok ya makin ancur sihhh...
2024-04-29 14:24:57,"Tim ITnya payah. Belum siap update tapi sdh update. Verifikasi wajah susah, tdk bisa baca ktp, menu banyak loading trs"
2024-04-29 10:28:34,"Pas Veriikasi wajah ngga bisa, disuruh senyum, angguk2, kedip mata, ngga ada yg bisa.. Hadduh"
2024-04-29 00:52:10,"Aplikasi tolol,update bukannya tambah fitur atau apa malah ngulang input data dari awal lagi...."
2024-04-27 06:23:56,Apk bangk3 mau update pengkinian data aja susahnya mnta ampun . Pas upload foto selfi sesalu gagal.. assu0 tenan
2024-04-26 15:18:53,"Proses registrasi tidak jelas, selalu gagal terus. Live chat dan customer service nya juga sangat tidak membantu, tidak ada solusi"
2024-04-25 12:05:00,Aplikasinya gak bisa di verifikasi
2024-04-25 06:05:03,perbaiki sistemnya biar verifikasi ga sulit
2024-04-24 10:53:49,"Aplikasi parah sudah verifikasi tahun kemarin skeng harus ulang lagi , super ribet"
2024-04-24 04:31:27,"Dear Privy ini kenapa ya saya disuruh update data tapi pada saat Face detection error terus. Sudah tiga device saya pakai Iphone 7 plus, iphone 13, redmi 9t. Semua kasusnya sama. Saya kasih bintang 1 ya. Gara2 masalah ini saya terancam kehilangan revenue cukup besar."
2024-04-24 02:26:57,Aplikasinya Lemot. Mau verivikasi doang dibikin susah.
2024-04-24 02:15:45,Harus verifikasi tapi susah di verifikasi wajah. Aneh.
2024-04-23 10:00:48,"Abis update, 
Verif ulang
Gabisa masuk enterprise
Kontak hilang
And many moreee"
2024-04-23 07:15:12,"tolong untuk verifikasi klau gak kenal org jgn sok kenal, mau verifikasi wajah susah sekali, aplikasi ini membantu kerja tapi verifikasi yg TDK masuk akal"
2024-04-23 04:48:10,"APLIKASI GA JELAS. GAGAL MULU HERANN. JARINGAN GUA UDAH KENCENG HP SPEK GAHAR. TETEP AJA GAGAL MULU REGISTRASI NYA HADUH BANGETT, NIAT BIKIN APLIKASI GA LU?"
2024-04-23 04:32:14,Update yang terbaru jadi muter2 dan minta pengkinian tapi update foto tidak terdeteksi terus
2024-04-22 12:20:27,"Aplikasi sangat bangus sekali. cuma kenapa dalam proses registrasi setelah upload tanda pengenal, swa foto kedip-kedipan mata, dan Senyum senyum dulu tetap akun saya belum terverifikasi jadi belum bisa login hingga saat anda membaca ulasan ini."
2024-04-19 05:02:45,"Tolong QA nya diperhatikan, ini mau verif wajah buat ttd kontrak kerja kenapa gagal terus, aneh bet sue"
2024-04-17 11:20:34,Saya sudah lakukan foto KTP dan Data Personal sudah sesuai dan pada saat klik lanjutkan ada pesan maaf terjadi kesalahan padahal jaringan Internetnya Normal. Tolong di Bantu jangan di persulit
2024-04-12 19:59:00,Bolak-balik ganti password kok masih tetap ngga bisa masuk? Gimana?
2024-04-09 10:15:21,Kenapa lama.kali verifikasi nyaa
2024-04-09 02:06:20,"Selfi sampe puluhan kali gagal terus, ganti hp ganti provider, pake wifi masih juga.. Error 0 Kamu tau eek gak,ya kamu apps eek"
2024-04-06 06:45:05,Gak bisa vrivikasi wajah
2024-04-04 13:59:21,Pas photo shelvy sangat susah sekali apalagi kalo malam
2024-04-04 08:17:44,Mohon maaf saya sudh lebih dari 2jam blm terproses vrevikasi mohon bisa di batu??
2024-04-03 21:22:09,"Ket deteksi liveness terus , sedang ada perbaikan terus diulang ulang ga jadi jadi"
2024-04-02 03:11:38,Mutar gajelas di halaman daftar
2024-03-31 03:21:03,pelayanan bagus dan semoga manfaat
2024-03-29 00:57:43,Helpdesk ga membantu samsek
2024-03-28 05:12:28,"Dipendaftaran blm disuruh buat kata sandi tapi pas mau masuk login kenapa GK bisa buat kata sandi ,padahalkan sebelumnya blm diminta kata sandi .bgmn ini"
2024-03-25 09:16:48,"Aplikasi yang membuat oranglain tambah susah, swafoto nya susah bgt, sekali nya bisa malah gagal, selalu di suruh ulang. Tolong dong min diperbaiki lagi, jangan bikin orang sengsara."
2024-03-25 04:27:04,"Saya tidak bisa setting password saya, dari awal daftar tidak dikirim email untuk setting password, jadi saya tidak tau password saya sendiri. Sudah menghubungi cs Pryvi namun masih belum ada tanggapan."
2024-03-24 15:09:40,Ada apa dgn privy tiba saja saya saya tidak bisa melakukan selfi wajah untu perbarui data
2024-03-24 13:54:54,Ntah kenapa tidak bisa ganti password. Masuk angin . Sudah 10Ã— gagal terus dari via konfirmasi email ğŸ˜Œ
2024-03-23 19:57:01,"Aplikasi sampah pencuri data, lupa pasword silahkan ganti padahal sejak awal belum ada buat pasword"
2024-03-19 07:11:16,Update verifikasi wajahnya keren abis. Jadi lebih gampang kalau mau ganti email. MantapppğŸ‘
2024-03-19 04:25:52,"Maaf kenapa waktu verif wajah gabisa ya akses ke kamera, padahal waktu scan ktp bisa"
2024-03-15 08:50:20,"CS nya kacau, ngulang-ngulang percakapan, data yang udah ada / udah dikirim diminta lagi terus berkali-kali, chatnya langsung diclose sebelum issuenya solved, memberi perintah yang gak ada possible dilakukan dari fitur aplikasinya. Gak solving problem. Manager CS nya harus dieval itu, kerjanya cuma sesuai SOP, gak ngeliat real case di lapangan."
2024-03-12 05:00:05,Susah verifikasi wajah
2024-03-10 00:39:54,"Ini gimana sii sandi salah mulu padahal sandi sudah bener, sudah ganti sandi beberapa kali masih aja tetep salah aplikasi rusak"
2024-03-07 09:22:26,Diminta swafoto tapi gagal terus berkali2.. mau update sertifikat katanya sudah expired tp ribetnya bukan main.. buang-buang waktu. Tolong perbaiki privy! Mandatory ke banyak company harus pakai privy tp kualitasnya masih begini!
2024-03-07 04:20:12,ini apl fhoto ngak jelas banget penipu ini apl
2024-03-06 11:39:41,"Live chat langsung di aplikasi tidak tersedia, pelayanan sangat buruk, verivakis memakan waktu sangat lama apalagi yang sempat terkendala pas jaringan error.. mohon lebih diperbaiki"
2024-03-05 12:44:58,"Swafoto sangat susah, petunjuk terkadang ada,terkadang tidak,sudah mengikuti instruksi,ditempat terang,buka masker dan lain2,tapi tetap gagal,suruh mencoba lagi namun sesi sudah gagal beberapa kali,jadi harus nunggu lagi beberapa saat..ğŸ¥º"
2024-03-04 06:54:52,"Susah buat swapfoto gagal teus.., perbaiki jgn lama lagi genting buat masuk kerja syarat pake apk ini tapi gak bs diharapkan.."
2024-03-02 04:23:01,Help desk 2 sangat membantu
2024-03-01 08:24:58,"Masa Sudah Di Tempat Terang Tetap Aja Privasi Fhoto Gagal,Padahal Udah Di Tempat Terang Lo GI Mana Si Tolong Di Perbaiki Lagi Aplikasinya Ini Saya Sudah 25x Fhoto Tetap Aja Nga Bisa"
2024-02-29 16:14:06,Kecewa sekali. Mau update sertifikasi gagal terus di akhir. Agent hotline live chat lama tidak respon pilih wa nomor tidak terdaftar. Gokillll
2024-02-29 03:51:54,Mempermudah dan terverifikasi
2024-02-28 05:26:22,Tolong kode pengesahan untuk pendaftaran akun brimo. Semua proses sudah di lakukan tinggal proses pengesahan yang belum di selesaikan karena menunggu privyid mengirimkan kode pengesahan dalam bentuk sms tapi tidak muncul
2024-02-27 14:28:03,aplikasi ga jelas. luemot nya superr. mau perubahan no TLP aja gagal terus scan wajah.
2024-02-27 08:38:34,Login aja susah.. LOH PIYEEE..????
2024-02-26 11:49:25,"Yang bener aja ini mau swafoto susah amat,,gagal terus Tolong di bikin mudah lah swafotonya jadi susah mau daftar"
2024-02-24 07:51:45,Disuruh ambil swafoto salah terus
2024-02-22 10:43:06,Foto KTP dah bagus ulang aja terus
2024-02-16 08:38:32,"Saya udah coba dari 3 hape yang berbeda, tetap saja pas swafoto gagal mulu. padahal pencahayaan dan kamera sudah baik. kenapa ini? error mulu tgl 16 Februari"
2024-02-15 12:05:05,"Astaga parah ni aplikasi untuk swapfoto tidak bisa"" gak rekomen"
2024-02-12 09:35:03,"sangat baik , respon yg sangat baik"
2024-02-07 02:00:27,"Aplikasi belum siap udah diluncurkan mau foto aja gk bisa gagal terus, kalo blm mampuh jgn ada di playsore malu2in aja"
2024-02-07 01:49:23,aplikasi yang sangat membantu dan berguna untuk pekerjaan.respon heldesk juga sangat baik ketika kita ada kendala dengan aplikasi ini.dan di bantu sampai selesai kendala nya.
2024-02-06 07:04:51,verifikasi susah .gagal di tengah.harus ngulang dari awal .sudah di coba 24 kali .gagal terus
2024-02-05 09:52:19,Sekian lama bisa masuk juga akhirnya huhhh
2024-01-28 03:42:31,Ga punya akses buat cek ktp kayanya ini aplikasi
2024-01-27 09:04:46,"monyett bener ,, kepala udah di geleng ke kanan ke kiri masih aja susah masuk ,, leher kepala sampai sakit #goblokks"
2024-01-25 04:58:01,"Aplikasi bobrok, berkali kali foto..padahal sudah berhasil, msh saja di ulang ulang"
2024-01-24 10:30:47,PELAYANAN CS SANGAT RAMAH
2024-01-21 07:58:36,"Ambil foto aja ribet banget nie aplikasi nyusahin gagal terus gak jelas banget, gak kebaca mulu"
2024-01-20 16:55:00,Gaguna banget aplikasi foto wajah diulang2 sampe 30 kali tetap gagal emang gaguna
2024-01-20 09:32:53,"Untuk swafoto nya susah, masa udah ditempat terang dan jelas masih kaga bisa ambil foto. Kan aneh, tolong dong dipermudah buat fotonya. Masa harus foto berkali-kali tetap kaga bisa. Aplikasi buat ribet banget, ini registrasi mentok cuman di foto doang, lama bet kaga guna kalau gini nih kalau suruh swafoto tapi dipersulit."
2024-01-18 01:48:13,Sulit untuk menerima OTP pesan
2024-01-16 16:29:54,"tolong dong buat helpdesk kalo lagi dibutuhin tuh gercep, ini aku sari tadi jam 9 malem sampai setengah 12 verif wajah buat sertifikat digital ajaa lamanyaaaa masyallahhh"
2024-01-16 14:46:29,OTP via sms susah didapet
2024-01-16 07:44:30,"ini gimana habis foto ktp loading muter ditunggu2 ngga kelar kluar aplikasi masuk lgi dah gagal diulang sama aja ,ngga jelas"
2024-01-14 10:23:48,Aplikasi buruk yang pernah saya instal Kirim otp aja lama data yg d dafttarkan tidak sesuai dengan profil bikin perjanjian terhambat !!!!!!
2024-01-12 14:04:33,Nyusahin ga admin ga cs ga membantu mao tanda tangan ajah ribet mau upload dokumen ribet. Saran buat merchan online jangan kerja sama sama ini lah ribett
2024-01-12 11:26:49,Ga jelas sandi udh benar msh slh aja
2024-01-10 14:22:49,"Susah masuk, lupa password, ngapain juga password nya dibikin harus susah"
2024-01-10 04:08:08,Vertivikasi wajahnya selalu gagal apk ga jelas
2024-01-09 14:09:25,Pas saya sudah verifikasi wajah kok langsung force close terus gabisa masuk lagi!! Paraah ini gimana solusinya
2024-01-08 14:32:25,Saat foto susah banget berkali kali tidak bisa
2024-01-06 11:32:49,"Ini kok untuk kode otp pas masukin no telpon gak bisa bisa, udah berkali kali tetep gak muncul"
2024-01-06 03:55:00,"Sudah berulang kali verifikasi wajah, sudah tidak pakai aksesoris di wajah, pencahayaan sudah sangat cukup, selalu gagal"
2024-01-04 11:58:43,"Apaaan baru juga login udah di mintain pasword aja, pas daftar gak di suruh masukin pasword gimana sihh, udah di ajuin minta ulang malah kgk di kasih pasword nya malh user name sama email aja yang di kasih ğŸ˜‘ğŸ˜‘"
2024-01-04 04:04:48,"Jangan Pakai Privy, sangat kurang profesional helpdesk"
2024-01-03 17:21:10,Aplikasi paling bobrok dalam verifikasi wajah
2024-01-03 10:40:16,"Mau bilang aplikasi jelek kok takut karma. Tapi sejujurnya saya nggak suka karena mendeteksi wajah saja tidak bisa. Masak saya dibilang nggak hidup. Sewaktu detect liveness selalu gagal.
Jadi agak skepstis kl aplikasi ini aman digunakan."
2024-01-02 16:12:47,"Mau daftar aja di persulit, bekali-kali masukin email ga terdaftar terus..."
2023-12-30 04:17:01,"ribet verifikasinya ambil foto gagal terus ribet kali padahal udah sesuai , makasihh"
2023-12-29 07:15:15,Udah foto berulang2 ngga bisa2 terdaftar saat daftar ngelag terus bagian foto
2023-12-28 03:59:38,"Bener"" Apk tidak berguna, sudah bolak balik daftar tetap gabisa malah kembali sendiri, giliran mau masuk lupa sandi, konfirmasi email linknya malah kadaluarsa, di chat minta bantuan dari wa dan email tidak respon, padahal orang butuh untuk kerjağŸ˜¡ğŸ˜¡"
2023-12-28 03:42:55,aplikasi jelek daftar aja ga bisa
2023-12-27 13:02:00,Baru saja daftar tapi katanya sudah terdaftar. Begemene maksudnya
2023-12-27 05:14:17,"Padahal lagi perlu bgt, liveness detection nya kacau. Udah ngikutin instruksi ttap gagal. Udah coba seminggu lebih, puluhan bahkan ratusan kali ga berhasil terus. Ini mau sampai kapan? 
Session expired terus wkwk."
2023-12-25 15:08:42,gabisa daptar malahan eror terus
2023-12-22 23:49:19,LAMA BANGET PELAYANAN CS NYA PADAHAL MINTA KODE OTP DOANG MALAH DISURUH SELFIE SAMBIL PEGANG KTP !! UPDATE DATA ATAU MALAH DISALAHGUNAKAN UNTUK PINJOL SIH?!
2023-12-22 04:30:33,"Payah, meminta kode OTP via nomor telepon, sudah di masukan berkali-kali tetep tidak ada yang masuk. Berkembang lah privy cari cara lain jangan kaku. Sudah 2023 cara satu gagal kok tidak ada solusi. Menghubungi via email katanya OTP expired hey jangan bahas expired nya, bahas tidak masuk nya dulu kenapa? Solusi nya apa? Bagaimana bisa barang belum sampai terus anda malah beri pemberitahuan barang kadaluwarsa, sampai saja belum"
2023-12-21 11:06:34,"Selfie ngga ke deteksi, KTP juga ngga kedeteksi. Padahal lagi diperluin bgt buat pindah ke kantor baru. Ngehubungin pihak privynya juga susah bgt responsnya."
2023-12-20 09:35:10,"Mau register tapi fitur face liveness detectionnya ga berjalan, padahal sudah mengikuti instruksi dan pencahayaannya sudah sangat cukup. Selalu berulang kali time out dan diminta mengulangi lagi. Gitu terus sampai baterai gadget habis."
2023-12-19 04:30:38,Knapa dari jumat tgl 15 sore OTP di aplikasi gak muncul muncul dari privy id
2023-12-18 17:52:17,"Aplikasi aneh, susah banget mau registrasi pake foto, sudah berkali2 di coba tetep aja gagal"
2023-12-16 11:33:17,"Verifikasi ribet. Verifikasi dari nomor hp tidak ada yang terkirim ke hp, padahal ada dokumen penting yang harus diselesaikan."
2023-12-16 00:56:30,"Tidak rekomen, tanggapan lama, tidak ada kirim email"
2023-12-14 14:22:21,"Kenapa letak tanda tangan tidak bisa dirubah?? Mengecewakan. Saya sudah pakai 8 bulan lebih. Tiba2 disuruh verifikasi ulang, Wajah dan email done. Giliran verifikasi no hp kode OTP GK pernah masuk."
2023-12-12 07:00:03,ko saya ga bisa login y d apk privy nya pdhl dah msukn passwordnya..ttep..ada note..masukan password dgn benar..gtu trs
2023-12-11 11:35:38,"Apk cukki gak pernah bisa mecahkan masalah ,gak pernah ada solusinya sudah 1minggu login gak bisa selalu di bilang kata sandi salah,padahal kata sandi sudah benar kecewa betul padahal lagi butuh banget ini apk"
2023-12-11 08:09:40,Bgok kok privikasi wajah ndk terdeteksi dia bilang jir knpa masak Lo mau gue tetep kyak di foto ktb bng....t bikin sandi belum gimana bisa tau sandix ap
2023-12-11 04:06:57,Tolong diperbaiki proses daftar akunnya
2023-12-07 16:49:45,"Halo! Saya mendapatkan kendala pada saat Daftar akun di bagian Swafoto, saya sudah mencoba nya selama 1 Minggu tetapi tetap verifikasi gagal padahal saya sudah mengikuti Instruksi nya, Mohon untuk CS. Privy segera memperbaiki Sistem tersebut, Terima kasih."
2023-12-06 12:54:22,Di hp ku kok gak ada sudah saya instal..ganti sandi juga gak bisa
2023-12-06 08:04:02,"Susah sekalu mau mendaftar, kenapa selalu gagal"
2023-12-05 11:29:15,"Ga bisa registrasi, udah dicoba beberapa kali. Menghubungi lewat chat malah muter"" ga ada jawaban.."
2023-12-05 06:26:27,"RTO when register, trying at browser and apps it giving same problem"
2023-12-05 05:48:58,maaf nih cuma kasi 3 bintang. karena setelah update akun saya langsung terkeluar sendiri dan pas masukin kata sandi malah salah padahal kata sandi nya sudah benar tetap tidak bisa. mohon dong di bantu ğŸ™ kalau bisa masuk kasi 5 bintang.
2023-12-04 07:36:18,"Mau ttd dokumen muncul keterangan expired, klik perbarui, minta verif face, verifikasi disetujui, klik lanjut ""INTERNAL SERVER ERROR"". Hub CS dan LiveChat nya, sdh krm bukti kendala, malah minta ""Foto Selfie dgn KTP"" kyk mau pinjol aja. Ditanya ada solusi verif lain, jawabannya TEMPLATE ttp ngotot minta foto selfie dgn ktp. Selama ini tingkat keamanan verifikasi tertinggi itu menggunakan OTP. Baru d app ini verifikasi nya menggunakan FOTO SELFIE DGN KTP. Jawaban disemua layanan keluhan app ini sangat template. Saran, bagi perusahaan atau tmn"" yg butuh app utk sign contract dll, SANGAT TIDAK DIREKOMENDASIKAN menggunakan app ini"
2023-12-04 07:11:44,"payah banget ini aplikasi, reset password malah balik ke homepage gada action buat ganti password baru"
2023-11-30 05:24:19,respon cepak dan petunjuk mudah di pahami dan di merngerti
2023-11-27 05:23:14,"Setelah lama ngga buka minta reissued sertifikasi. Tapi sesudah selfie dan dinyatakan verified, ketika klik lanjutkan, ada keterangan sertifikat expired dan diminta selfie lagi, muter begitu terus. Payah"
2023-11-25 04:20:10,respon cepat dan mudah
2023-11-20 12:39:29,"Awalnya saya mau daftar dan katanya data saya sudah terdaftar tetapi saya belum pernah mendaftar saya kira ada orang lain menggunakan data saya, ternyata salah sensor dari privy dan saya coba lagi bisa. pada saat verifikasi wajah sangat lama, tidak bisa di klik dan selalu blur sangat menyusahkan semoga bisa diperbaiki kedepannyağŸ™ğŸ»"
2023-11-20 11:40:37,bagus banget responya
2023-11-20 02:17:26,"vermuk via aplikasi gagal terus,ganti nomor tlpon harus via web"
2023-11-09 08:32:49,sangat bagus fast respon.
2023-11-07 06:56:20,"Tidak bisa log in sandi selalu salah, sudah diganti pun sandi salah terus"
2023-11-04 05:59:46,susah mendapatkan kode OTP SMS
2023-11-03 06:48:59,Ketika saya sudah download aplikasi ini.lalu ingin registrasi tiba2 NIK saya sudah Terdaftar.padahal saya baru pertama kali ini mulai registrasi.ketika saya diarahkan menanyakan ke customer service dan di tindak lanjuti tetep saja tidak ada informasi lebih lanjut dan jelas tidak direspon lg.sudah coba di web juga tetap aja sama.
2023-10-29 02:54:50,"Udh kirim email selalu email tak terdaftar,,mau daftar aja kok ribet banget"
2023-10-27 04:20:44,"Email untuk mengganti kata sandi, tidak ada link untuk mengganti katasandinya, jadi harus gimana?"
2023-10-27 02:41:03,layanan dari cs ramah dan santun
2023-10-24 08:40:37,Mau masuk aja lama banget
2023-10-24 06:31:46,"Wahh ini, ini parah niii masa gue di suruh nunggu registrasi nya lama banget hampir se jam masa iya belom selesai tuh proses gimana nii?"
2023-10-23 10:37:34,makasih sudah membantu.. walau verif wajah berulang kali ğŸ˜…
2023-10-20 08:02:57,Ribet lupa password harus selfie KTP udah kaya pinjol .
2023-10-19 09:12:23,"Selalu gagal diverifikasi wajah, sudah chat customers service tidak ada solusi sama sekali respon lambat, customers service tidak membantu sama sekali dalam masalah tersebut, diarahkan untuk daftar melalui web tapi sama saja malah lebih lambat"
2023-10-18 05:41:59,Susah banget swafotonya
2023-10-13 23:21:49,"Sebelllll masa NIK sudah terpakai terus, padahal belum pernah daftar. PERBAIKI DONGGGGGG"
2023-10-13 12:01:31,Cs fast respon
2023-10-11 08:22:40,agak ribet registrasinya.. tapi utk keamanan memang bagus
2023-10-11 00:40:38,"Sudah beli e-meterai, pas mau bubuhkan ke document tidak bisa dengan alasan e-materai 0. Untuk connect ke Customer Service susah. Ketika sudah terhubung CS ga ada solusi dan kena timeout"
2023-10-09 13:51:09,"Aplikasi ga jelas, verifikasi gagal trus.. aneh"
2023-10-05 22:10:35,Harus bgt swafoto mana blur lagi
2023-10-05 06:34:37,Pelayanan admin cs lama
2023-10-04 01:48:25,"The apps has no way for signer to adjust or reposition the signature. It also has no proper FAQ page to understand on how to solve problem mentioned. When we try to reach its  WhatsApp business account, it can only provide us with template answer which doesn't answering the problem."
2023-09-28 15:13:13,Udah coba berkali kali gagal vertifikasi terus pas foto jengkel banget sumpah!
2023-09-26 05:18:51,Kok gak bisa masuk
2023-09-25 15:15:40,DUA NIK BELUM DAFTAR TAPI KETERANGAN SUDAH DAFTAR SEMUA. CHAT ADMIN RESPONNYA LAMA-_-. SUDAH CEK SEMUA EMAIL TIDAK ADA EMAIL DARI PRIVY-_-MENYEBALKAN-_- Edit : TIBA-TIBA DAPAT EMAIL BUAT GANTI PSW? MEDENI GAAAKKK SIIIII:')
2023-09-22 06:46:14,"Aplikasi sampah, sandi apapun dianggap lemah... Wkwkwkwk"
2023-09-20 10:26:38,Layanan yang sangat puas dan cepat untuk membantu terima kasih
2023-09-16 19:43:18,"Aplikasi jelek, riset sandi dari dulu ga pernah bisa. Katanya sudah dikirimkan ke email nyatanya ge pernah dikirim. Mana hak saya dengan akun saya, ini menyalahi aturan privasi"
2023-09-14 09:35:49,Ramah dalam arahan
2023-09-10 08:19:05,Bagai mana cara meriset akun yg sudah terdaftar padahal belum pernah menggunakannya
2023-09-10 04:08:51,"developer Tolong, segera di perbaiki aplikasi nya, mau login selalu gagal. Walupun sudah di ganti berulang kali selalu gagal. Walaupun password nya sudah diganti yang terbaru tetep saja gagal. Tidak tau kenapa. Tolong segera di perbaiki dan diperbarui. Terimakasih"
2023-08-29 09:22:15,Kok bisa saya belum pernah download tp NIK sudah terdaftar
2023-08-25 07:55:26,"daftar aja susah, aplikasi lemot!!"
2023-08-22 13:47:56,"ini kenapa ketika saya verifikasi wajah ( vermuk ) selalu gagal terus ya? padahal sudah pada titik pencahayaan yang terak tidak gelap, bagaimana cara mengatasi gagal vermuk terus ?"
2023-08-21 15:34:52,"Tolong bantuannya admin , saya udah terdaftar trus mau login lagi ga bisa bisa tolong bantuannya"
2023-08-19 01:01:07,Woy kok lama kali verifikasi aja
2023-08-18 10:16:34,"Pelayan live chat keren masalah terselesaikan saat itu juga, tetap pertahankan pelayanan seperti itu yaa, sukses selalu Privy.id"
2023-08-13 14:53:47,"PrivyID saya rate 0,001/5, berulang kali reset password tidak bisa, link yang terkirim via email tidak valid. Ini entah apakah aplikasi penipuan atau memang aplikasi sampah. Saya harap pemerintah/pemda tidak bekerja sama dengan aplikasi cacat seperti ini."
2023-08-10 08:30:51,terimakasih admin prity sudah membantu pendaftaran/log in
2023-08-07 00:45:08,Sangat sulit melakukan verifikasi dan pendaftaran wajah. Selalu gagal.
2023-08-01 09:16:10,Belum pernah daftar tapi kok udh ada ya akun nya?? Gimana ini solusinya?
2023-07-27 00:25:29,Ada kendala dalam pergantian nomor telpon
2023-07-22 16:24:33,Saya tidak bisa login karena lupa pasword tapi pas reset pasword dan bikin pasword baru tampil kode error terus mana waktunya sudah mepet untuk tanda tangan digital
2023-07-18 06:20:52,Baru mau daftar kenapa akun saya sudah terdaftar?
2023-07-07 10:14:12,"terima kasih..bagus sekali,, dan fast respon.."
2023-07-07 01:56:35,"Payah nih CS nya ga bs di komunikasikan, mau tanya malah di hadapin chat automatis, jadi permasalahan kita tuh tidak tuntas"
2023-07-05 02:45:04,Min mau tanya gimana caranya ganti sandi pas klik ganti sandi masukan e-mail terus ada baaacn maaf terjadi kesalahan padahal udh beberapa kali gtu terus
2023-07-04 06:15:48,pelayanan yg sangat baik
2023-07-03 03:32:33,Kenapa yah nik saya sudah terdaftar tapi dengan akun yg berbeda dan nama yg berbeda. Chat wa pun slow respon
2023-06-24 10:14:31,Sy baru kali ini download aplikasi privy..dan kenapa KTP sy sudah terdaftar sebelumnya ya..kan aneh knp bisa begitu..ada orang yg menyalahgunakan data2 sy ini kayaknya .tolong sistim LBH jeli lagi..
2023-06-22 04:45:19,"Nik belum pernah di pakai daftar malah di aplikasi nik sudah dipakai aneh ni aplikasi, udah aku kirim lewat balasnya lama sekali terus isinya chat bot"
2023-06-20 02:47:18,"Aplikasi aneh dikasih id tapi ga dikasih sandi,capek ngirim email perubahan sandi ga bisa bisağŸ˜ğŸ˜"
2023-06-14 05:11:15,"Sama nih, mau daftar tapi sudah terdaftar alias NIK anda sudah terdaftar, bagaimana nih solusinya."
2023-06-13 12:23:10,adminya ramah banget dan fats respon..sukses sll ya kak
2023-06-04 05:15:20,"Mudah di gunakan,apa bila terjadi kendala lupa id atau password sangat di bantu, terimakasih privy.ID"
2023-05-30 00:57:46,Ini apa ngak bisa masuk gua butuh hari ini loohhğŸ˜¡ğŸ˜¡ğŸ˜¡
2023-05-28 11:41:32,Customer Service nya bagus sekaliğŸ˜ğŸ¥°
2023-05-23 07:46:18,Sya sulit identifikasi wajah sudah diikuti intruksik nya ttp saja
2023-05-20 10:07:56,Ribet mau ganti kata sandi juga... Ribet ribet kamu
2023-05-10 02:57:41,"Smapknya sangat memmbantu, respon adminya pun sangat memuaskan membantu maaalah ketika susah login, dan membantu semua pertanyaan tentang apk ini"
2023-05-08 15:55:41,"kenapa saya saat mau daftar NIK saya telah terdaftar, terus mau, merubah melalui lupa sandi, terus nunggu email masuk kok gak masuk masuk"
2023-05-05 14:11:55,fast respon untuk ubah nomor hp...
2023-04-26 22:27:34,"Saya tidak pernah daftar kok tiba-tiba bilang data saya sudah ada. Pas mau rubah pasword, kok dikirim link ke email yang saya tidak kenal. Apa data saya dibocorkan"
2023-04-25 08:08:39,Respon admin cepat dalam menanggapi masalah
2023-04-11 07:58:51,"Ini apk knpa sih padahal sebelumnya belum pernah daftar,tapi sekarang daftar ga bisa."
2023-04-11 04:06:56,"Tak kasih bintang 2 dulu, Kenapa gabisa verifikasi wajah ya min, tolong dong"
2023-04-10 15:02:43,"Saya menggunakan aplikasi ini untuk keperluan tandatangan dari dokumen2 yang saya terima, aplikasi sangat mudah untuk digunakan, proses pendaftaran juga sangat detail sehingga tanda tangan digital ini terpercaya."
2023-04-07 13:18:35,"Ganti nomor telepon ribet amat, email balasan juga nggk nyambung"
2023-03-29 05:51:10,Kenapa pas mau swab foto selalu gagal jelasÂ² wajah saya tidak ada yg berubah Parah banget nih apk
2023-03-24 04:51:09,Masih terkendala dengan form log in.
2023-03-24 02:17:36,"sangat, cepat respon"
2023-03-20 15:28:45,pelayananya mantap dan prosesnya cepat trimakaaih privy
2023-03-16 07:59:14,"Pas mau daftar kok tulisannya sudah terdaftar, padahal saya baru saja download, mohon solusinya min"
2023-03-16 03:08:04,"Aplikasih bobrok ,gak bermutu dan tidak berguna ,penggunaan dan sisitem support bantuanya tidak membantu dan tidak ada kemudahan untuk pengguna"
2023-03-13 05:16:15,"Saya belum tahu app nya saat digunakan bagus atau tidak. Karena saya masih tahap mendaftar tadi, dan untuk bagian swafoto, sayangnya tidak berhasil terus pdhl saya sudah mengikuti instruksi. Saya ulang dari awal, hasil tetap sama. Maaf ya saya beri bintang dua."
2023-03-10 21:20:58,"tidak bisa login dan pasword, padahal sudah benar semua, minta tolong kedepanya di perbaiki"
2023-03-09 16:27:51,Ga bisa masuk njir parah dah di update juga
2023-03-05 01:44:11,User ID gk bs bikin sendiri. Jd ribet harus inget2 user id yg ribet dr privy. Ad*be sign lbh simple. Gk pake balance2 ky privy jg. Tinggal sign. Beres. Simpel
2023-03-02 03:48:08,"Sampah ga bisa login , ga niat ini aplikasi"
2023-02-28 12:38:05,Akun saya kenapa gak bisa login.
2023-02-27 08:59:40,Sdh berhasil daftar dan cb pasang berfungsi dengan baik. Mantap
2023-02-27 04:29:13,Admin yg selalu mendengarkan saran mantap
2023-02-25 06:00:09,Foto minta retake terus aneh
2023-02-23 14:18:35,Tolong saya lupa id saya udah kirim mpemulihan tapi gagal terus harap bantu.
2023-02-18 04:21:00,Aplikasi tolol pw sudah bener dan mau ganti pw sudah ganti malahan error' banyak makan uang gaji gede jadi makin hancur aplikasi
2023-02-11 12:04:43,"Ada apa dengan aplikasi ini,,tidak bisa login ."
2023-02-10 11:49:43,NIK KOK UDAH KE PAKE PADAHAL BARU DAFTAR
2023-02-10 03:13:24,"Saya baru pertama x daftar bahkan pertama x download aplikasi ini,izin bertanya sama developer,inikan pertama x saya daftar bahkan pertama x saya download kenapa pada saat saya daftar tinggal OK di proses terakhir malah muncul keterangan GAGAL KARENA SUDAH TERDAFTAR?? giliran log in ga bisa? Tolong d jawab saya perlu untuk ttd dengan perusahaan. Trmksh"
2023-02-09 09:21:48,Respon adminnya cepetğŸ‘ğŸ‘
2023-01-30 03:02:19,Mudah dan responsif helpdesk nya
2023-01-26 11:39:34,"Mempersulit pendaftaran brimo Capek ngambil video terus2an, benerin sistemmu"
2023-01-24 03:38:25,"Aplikasi gak guna bikin susah ,e kyc gagal lagian ngapa di bikin ribet foto udah,video aja harus make kata kata juga ga jelas"
2023-01-20 12:30:18,"Tolol gw registrasi sejam an gk di regis Regis"" babi"
2023-01-12 01:06:12,respon gesit.. mantap
2023-01-07 01:23:33,"Tidak bisa login dgn password yg dibuat, padahal sudah benar.. Mau reset password Email yg teregistrasipun di bilang invalid.. Aplikasi yang tidak berguna.."
2022-12-23 02:07:19,"Udah register pake ktp, foto udah kaya pinjol, eh login kaga bisa"
2022-12-14 23:54:06,"Tidak bisa login padahal privy id dan sandi sudah benar. Setiap memasukkan privyid selalu ada notif ""terlalu banyak percobaan masuk. Mohon tunggu 60detik"" padahal belum login sama sekali."
2022-12-04 04:45:52,"good, cs nya sangat ramah dan membantu sekali"
2022-12-03 06:15:14,"Sejauh ini cukup baik digunakan, hanya untuk kode verifikasi yang terlalu telat masuk ke no Hp juga email. Mohon dikembangkan lagi."
2022-11-02 16:50:49,"alhamdulillah, sedikit paham. walau awal2 belum bisa menggunakannya. cs sangat2 sigap dalam respon"
2022-10-10 12:34:09,Percumah complain karena tidak ada solusi..
2022-10-04 08:01:03,"Serasa kaya dipermainin, verifikasi ktp kaga bisa, diminta upload KK, udah upload kk tetep gak bisa, udah ngehubungin customer service via wa/email kaga bisa ngebantu sama sekali, gak jelas amat"
2022-09-26 02:22:05,mantap pokok .cepat respon ya
2022-09-13 07:14:47,Aplikasi hebat...salut sama cs nya makasih ya .....sukses selalu
2022-09-13 03:41:09,"Katanya untuk mempermudah urusan segala macam, tapi kok ribet ya nunggu diverifikasi hampir setengah jam masih aja verifikasi, tolong dong diperbaiki dan dipermudah hadehhh gini amat layanan diindonesia"
2022-08-25 05:54:36,super cepat respon
2022-07-21 12:43:16,Cs sangat respon sekali saat kita ada kendala
2022-07-11 15:02:38,Respon Cs cepet banget.mkshv
2022-05-24 02:56:25,pelayanan cs nya sangat baik
2022-04-27 04:22:22,Kemudahan penggunaan dan registrasi
2022-04-02 20:15:28,Fast respon csnya.. sahur kelar update data..
2022-03-18 19:23:38,"Ka saya sudah login ktnya sudah terdaftar tetapi pas sy buka g bisa malah ktnya aplikasi telah berhenti,gmna inih ktnya mempermudah tp g bisa d gunakan mlh ribet"
2022-03-12 04:42:42,Respon cepat terimakasih sangat membantu pada zaman sekarang yang serba elektronik.. terimakasih
2022-03-08 13:03:43,Pelayanan Privy excellent
2022-03-07 05:43:00,"Fitur chat inbox ya dimana ya? Mau tanya cs Rp di jawab bot ribet, GK ada jawaban nya"
2022-02-12 09:22:09,layanan nya luar biasa
2022-02-09 13:20:03,Customer servicenya sangat membantu
2022-02-09 07:23:18,Pelayanan yg baik
2022-02-03 22:46:42,Respon sangat cepat
2022-02-02 12:48:49,"GK bisa login udah berbagai cara mempersulit BKN mempermudah, memper ruwet, memper pusing"
2022-01-25 08:23:24,Sangat cepat dlm penanganan masalah
2022-01-24 07:24:42,"terima kasih,respon admin dalam melayani sangat tanggap"
2022-01-16 06:39:00,Callcenter cepat tanggap
2022-01-08 07:51:59,Responsif dan solutifğŸ‘ğŸ‘ğŸ™ğŸ™
2021-12-19 23:02:40,Ribet sekali.... Verivikasi wajah berulang2 Mulu...
2021-08-26 11:07:48,"Sangat membantu,tpi saya bingung ko pendaftaran tanda tangan digital prisenya tdk dapat dilanjut dgn alasn email dan no hp saya sudah tercantum, coba gmn ini solusinya"
2021-08-25 02:36:58,"Ini keren sih aplikasinya, inovasi baru berupa ttd digital. Fiturnya sudah terautentikasi biometrik, jd lebih aman dalam mengelola dokumen digital"
2020-07-28 19:51:11,"Sangat membantu dan benar-benar terjamin keamanannya ditambah privyID bekerja sama dengan layanan perbankan, cuma sayang saya sulit sekali mendapat SMS atau email untuk kode otp"
2019-12-02 06:53:23,"Mau ganti nmor telfon aja ribet banget..aplikasi ga jelas apa apa susah,,,,"
2019-11-08 04:46:16,Saya ga ngerti .data udah masuk.giliran pas tanda tangan di tolak mulu. Klu ga bisa lngsung hapus data saya. Buang buang waktu aja pHP
2019-10-02 04:31:42,"Ko udh upload foto, hasilnya nge blur mulu gimana bisa diproses aneh aplikasinyaaaa ga mendukung bgt, mempersulit untuk di accept jadinya."
2019-09-20 03:24:47,"Aplikasi gg jelas.. Mau ganti no hp aja susah.. Padahal uda kasih semua data"" . Huuuu jangan pada download dehhh.. Gg guna kalo gag bisa membantu"
2019-09-09 05:47:09,"Hadeuhh suruh gelengkan kepala sampai pusing ga brhasil"" gmn ini, apliksi ribet seribet ribet nya"
2019-08-01 16:19:53,"aplikasi sampah,begini kok di pakai sama akulaku.mau daftar gk bisa2,dasar sampah,cape geleng2 kan kepala bro,buang aja aplikasi begini,gk ada guna"
2019-07-15 11:47:29,app ga jelas masa baru daftar trs mau masuk ada jawaban NIK anda sudah terverifikasi tpi gbisa di gunakan.. Gda guna nya
2019-07-14 09:10:24,aplikasi nya ga jelas susah... disuruh ambil poto wajah ga bisa2. di suruh ini itu tp ga bisa2 jg. ujung2 nya wajah ga di kenal. mentang wajah gw jelek kali jd ga di kenal.hedeeeeeh ribet dah
2019-07-11 14:16:47,"saya kira privy.id sangat bisa membantu buat tanda tangan elektronik..tpi susah nya mau ganti no hp yang sudah tidak bisa di gunakan tidak bsa membantu,,harus nya ga udah di adakan proses tanda tangan elektronik ini..."
2019-06-26 17:10:25,Hey anjing! saya belum pernah daftar knpa pas mau daftar sudah terdaftar tolollll!!! kalau bener udah terdaftar mana akun PrivyID gua bangsat susah banget aplikasi tolol!!!
2019-01-09 13:52:04,semoga makin berkembang
